publish_date,title,summary
2024-09-07,Những cổ đông sở hữu trên 1% vốn tại TPBank,"Bài báo công bố danh sách cổ đông sở hữu trên 1% vốn điều lệ tại TPBank.  Danh sách bao gồm 6 cá nhân sở hữu từ 3,07% đến 3,82% vốn, trong đó có Phó Chủ tịch HĐQT Đỗ Anh Tú (người liên quan sở hữu 15%).  Ngoài ra, còn có 3 cá nhân khác nắm giữ từ 1,11% đến 1,85% vốn.  Về các tổ chức, cổ đông nước ngoài chiếm 25,88%, nổi bật là SBI Ven Holdings PTE. LTD và người liên quan (20%), PYN Elite Fund (3,59%), IFC (1,17%) và Vietnam Enterprise Investments Limited (1,12%).  Các tổ chức trong nước đáng chú ý gồm Hải Phòng Invest và người liên quan (10,6%), Dragon và người liên quan (10,6%), Tổng Công ty Tái bảo hiểm Quốc gia Việt Nam (2,64%), DOJI và người liên quan (23,19%), và FPT (6,77%). "
2024-05-08,"“Đi trước một bước” với sinh trắc học, yếu tố giúp TPBank nổi bật tại sự kiện Chuyển đổi số ngành Ngân hàng 2024","Tại sự kiện Chuyển đổi số ngành Ngân hàng 2024, TPBank nổi bật với việc ứng dụng công nghệ sinh trắc học, đặc biệt là thu thập dữ liệu khuôn mặt từ CCCD gắn chip thông qua LiveBank 24/7 và máy eCM 3 trong 1.  Hệ thống này, sẵn sàng đáp ứng Quyết định 2345 của NHNN về xác thực giao dịch giá trị cao từ 1/7/2024, cho phép khách hàng đăng ký nhanh chóng và thuận tiện trên nhiều nền tảng.  TPBank đã đầu tư vào công nghệ sinh trắc học từ năm 2016, sở hữu kho dữ liệu của hơn 5 triệu khách hàng, giúp nâng cao hiệu quả giao dịch và ngăn ngừa gian lận.  Với chiến lược ""đi trước một bước"", TPBank đã đạt được nhiều thành tựu: tăng trưởng mạnh mẽ số lượng khách hàng (lên 12 triệu vào cuối năm 2023),  được NHNN khen thưởng về chuyển đổi số, và giành nhiều giải thưởng về ngân hàng số và trải nghiệm khách hàng.  Ngân hàng này cũng sử dụng hàng chục Autobot và các giải pháp AI, Machine Learning/Deep Learning để phát hiện và ngăn chặn giao dịch bất thường, đảm bảo an toàn và bảo mật cho khách hàng. "
2024-05-21,"Được TPBank giải ngân, Lộc Trời tuyên bố đã trả hết nợ lúa cho bà con nông dân","Tập đoàn Lộc Trời đã hoàn tất thanh toán toàn bộ số tiền mua lúa còn thiếu cho nông dân ĐBSCL, sau khi nhận được giải ngân từ TPBank.  Trước đó, Lộc Trời gặp khó khăn về dòng tiền do biến động thị trường và các vấn đề với khách hàng và ngân hàng, dẫn đến việc chậm trả tiền lúa cho gần 900 nông dân ở An Giang (khoảng 245 tỷ đồng).  Mặc dù doanh thu xuất khẩu gạo năm 2023 đạt kỷ lục (11.233 tỷ đồng), nhưng lợi nhuận gộp lại rất thấp (253 tỷ đồng, biên lợi nhuận 2%), chủ yếu do chi phí ứng trước cho nông dân và lãi suất vay ngân hàng cao.  Lộc Trời hiện đang tiến hành tái cấu trúc tài chính. "
2024-09-13,"TPBank công bố giảm tới 50% số tiền lãi cho khách hàng bị ảnh hưởng do bão, lũ","TPBank công bố chương trình hỗ trợ khách hàng cá nhân bị ảnh hưởng bởi bão Yagi ở miền Bắc, với mức giảm lãi suất tối đa 50% cho đến 31/01/2025 (hạn mức 2.000 tỷ đồng).  Chương trình áp dụng đến hết tháng 10/2024 và bao gồm các tỉnh thành như Quảng Ninh, Hải Phòng, Hà Nội, và một số tỉnh vùng núi phía Bắc.  Bên cạnh đó, TPBank cũng cung cấp các gói vay mua nhà, sửa nhà với lãi suất ưu đãi cố định, từ 0% đến 8.8%/năm tùy thời hạn.  TPBank cũng đã ủng hộ 2 tỷ đồng và hỗ trợ trực tiếp tại Yên Bái cho người dân bị ảnh hưởng bởi bão lũ.  Khách hàng có thể liên hệ chi nhánh TPBank hoặc tổng đài để biết thêm thông tin. "
2024-02-19,"Lãi suất ngân hàng TPBank mới nhất tháng 02/2024: Mức cao nhất là 5,25%","Tháng 2/2024, lãi suất tiết kiệm tại TPBank dao động từ 0,5% đến 5,25% tùy kỳ hạn và hình thức gửi.  Lãi suất cao nhất 5,25% áp dụng cho tiền gửi LiveBank kỳ hạn 36 tháng.  Đối với khách hàng cá nhân, lãi suất gửi tiết kiệm tại quầy từ 0,5% (1-3 tuần) đến 5,2% (36 tháng), còn các gói tiết kiệm khác có lãi suất từ 2,75% đến 5,3%.  Khách hàng doanh nghiệp có lãi suất từ 0,1% đến 4,95%, với lãi suất cao nhất dành cho kỳ hạn 36 tháng.  Lưu ý rằng TPBank có thể áp dụng lãi suất khác biệt cho một số khách hàng. "
2024-01-24,TPBank vươn mình rực rỡ,"Năm 2023, TPBank đạt được nhiều thành tựu đáng kể: tổng tài sản đạt 356.000 tỷ đồng (tăng 8,5%),  vốn điều lệ hơn 22.000 tỷ đồng, và số lượng khách hàng đạt 12 triệu (tăng 3,5 triệu chỉ trong năm 2023,  và tăng hơn 8,6 triệu trong 3 năm gần đây).  Thành công này là nhờ chiến lược chuyển đổi số toàn diện, tập trung vào công nghệ và trải nghiệm khách hàng, bao gồm ứng dụng TPBank Mobile với các tính năng hiện đại như ChatPay, VoicePay.  Từ một ngân hàng yếu kém năm 2011, TPBank đã tự tái cấu trúc thành công, trở thành một trong top 4 ngân hàng tư nhân hàng đầu Việt Nam và là ví dụ điển hình cho sự thành công của chuyển đổi số.  TPBank được đề cử tại WeChoice Awards 2023 ở hạng mục ""Đơn vị vươn mình rực rỡ"". "
2024-07-30,TPBank báo lãi hơn 3.700 tỷ đồng trong 6 tháng đầu năm,"Trong 6 tháng đầu năm 2024, TPBank báo lãi trước thuế đạt 3.733 tỷ đồng (tăng 10,3% so với cùng kỳ năm trước), với ROE đạt 17,5%.  Tín dụng tăng trưởng tốt (dư nợ hơn 226.600 tỷ đồng, tăng 16%), tập trung vào các lĩnh vực ưu tiên của Chính phủ và khách hàng cá nhân, đặc biệt là tín dụng xanh (gần 3% tổng dư nợ).  Tỷ lệ CASA được cải thiện (trên 22%), giúp chi phí vốn thấp và duy trì NIM ổn định mặc dù lãi suất cho vay giảm.  Thu nhập hoạt động tăng gần 18%, nhờ thu nhập lãi thuần (tăng 21,9%) và thu nhập từ dịch vụ (tăng mạnh).  Mảng kinh doanh giấy tờ có giá cũng tăng trưởng tốt (gần 60%).  TPBank có tỷ lệ CIR giảm xuống 34% nhờ số hóa, và CAR đạt 12% (cao hơn yêu cầu Basel III).  Công ty chứng khoán KBSV khuyến nghị mua cổ phiếu TPB với giá mục tiêu 22.700 đồng/cp.  TPBank tiếp tục giữ vị trí ""Ngân hàng vững mạnh nhất châu Á Thái Bình Dương"" của The Asian Banker. "
2024-07-10,TPBank liên tục lọt top trong các bảng xếp hạng uy tín trong nước và quốc tế,"TPBank liên tục được xếp hạng cao trong các bảng xếp hạng uy tín trong và ngoài nước.  Forbes xếp TPBank ở vị trí thứ 8 trong bảng xếp hạng các ngân hàng tốt nhất toàn cầu, dựa trên khảo sát khách hàng về độ tin cậy, phí, dịch vụ, công nghệ số và tư vấn tài chính. Decision Lab xếp TPBank thứ 7 trong danh sách ""Ngân hàng tốt nhất Việt Nam 2024"", dựa trên khảo sát người tiêu dùng.  TPBank cũng được Vietnam Report xếp vào Top 10 ngân hàng thương mại uy tín và top 5 ngân hàng tư nhân uy tín nhất Việt Nam.  TPBank cũng giữ vị trí ""Ngân hàng vững mạnh nhất châu Á Thái Bình Dương"" của The Asian Banker trong hai năm liên tiếp.  Sự thành công này được cho là nhờ chiến lược lấy khách hàng làm trọng tâm, đầu tư công nghệ,  cung cấp dịch vụ chất lượng cao và  quản trị rủi ro hiệu quả, dẫn đến tăng trưởng mạnh về số lượng khách hàng (trên 12 triệu).  Tổng tài sản của TPBank vượt 356.600 tỷ đồng, vốn điều lệ hơn 22.000 tỷ đồng, và dư nợ cho vay vượt 210.000 tỷ đồng. "
2024-01-02,"Số lượng khách hàng cán mốc 12 triệu, giải mã sức hút của TPBank","TPBank đã đạt được tăng trưởng đột phá với 8,6 triệu khách hàng mới chỉ trong 3 năm sau đại dịch, đạt mốc 12 triệu khách hàng.  Thành công này dựa trên hai trụ cột chính:  * **Công nghệ:** TPBank là ngân hàng tiên phong trong chuyển đổi số, đầu tư mạnh vào công nghệ và ứng dụng vào trải nghiệm khách hàng, điển hình là LiveBank 24/7 và ứng dụng TPBank Mobile với các tính năng như ChatPay, VoicePay.  Việc áp dụng eKYC và các công nghệ khác đã tối ưu hóa trải nghiệm và thu hút khách hàng.  * **Thấu hiểu khách hàng:**  TPBank chú trọng vào việc hiểu nhu cầu khách hàng, thể hiện qua triết lý kinh doanh “thấu hiểu để sẻ chia” và thiết kế sản phẩm dịch vụ dựa trên nhu cầu thực tế.  Điều này được thể hiện trong các sản phẩm đa dạng (thẻ Flash 2in1, TPBank Biz…) và các chiến dịch truyền thông sáng tạo (như Đại nhạc hội Trọn trải nghiệm).   Tóm lại, sự kết hợp giữa công nghệ tiên tiến và sự thấu hiểu khách hàng đã tạo nên sức hút đặc biệt của TPBank, giúp ngân hàng này đạt được tăng trưởng ấn tượng. "
2024-09-22,"Tổng Giám đốc TPBank: Cần sớm sửa các quy định, tạo thuận lợi cho việc giãn nợ, gia hạn nợ","Tổng Giám đốc TPBank, ông Nguyễn Hưng, kiến nghị Chính phủ và NHNN sớm sửa đổi các quy định để tạo điều kiện thuận lợi hơn cho việc giãn và gia hạn nợ cho khách hàng bị ảnh hưởng bởi thiên tai, cụ thể là bão Yagi. Ông chỉ ra rằng hệ thống đánh giá tín dụng tự động hiện nay có thể khiến khách hàng bị xếp vào nhóm nợ xấu chỉ vì chậm trả nợ vài ngày, gây khó khăn cho việc tiếp cận tín dụng sau này. Ông đề nghị có các chính sách hỗ trợ tương tự như Thông tư 01, 02 về giãn, hoãn nợ thời kỳ Covid-19 để giúp doanh nghiệp khắc phục hậu quả thiên tai và phục hồi sản xuất kinh doanh.  TPBank đã triển khai chương trình hỗ trợ giảm lãi suất tối đa 50% cho khách hàng cá nhân bị ảnh hưởng bởi bão lũ. "
2024-08-05,"Sau tăng lãi suất tiết kiệm vào đầu tháng 8, TPBank hiện trả lãi cao nhất bao nhiêu?","TPBank đã điều chỉnh lãi suất tiết kiệm từ ngày 2/8, tăng thêm 0,2%/năm cho kỳ hạn 1-6 tháng đối với khách hàng cá nhân gửi tiết kiệm điện tử.  Lãi suất hiện tại: 1 tháng (3,5%), 3 tháng (3,8%), 6 tháng (4,7%), 12 tháng (5,2%), 18 tháng (5,4%), 24-36 tháng (5,7%).  Đối với khách hàng doanh nghiệp gửi online, lãi suất cao nhất là 5,45%/năm (kỳ hạn 36 tháng). "
2024-01-17,"WeChoice Award 2023: Thách thức chưa từng có với ngành ngân hàng, điều gì giúp VietinBank, HDBank, TPBank vượt khó, tỏa sáng?","Bài báo này thảo luận về cách VietinBank, HDBank và TPBank vượt qua những thách thức của ngành ngân hàng năm 2023, một năm chứng kiến sự sụt giảm nhu cầu tín dụng và rủi ro nợ xấu gia tăng.  * **VietinBank:**  Đạt tăng trưởng tín dụng tốt (15,6%), tập trung vào các lĩnh vực ưu tiên của Chính phủ, hỗ trợ lãi suất 12.000 tỷ đồng,  và có kết quả kinh doanh khả quan với tổng tài sản vượt 2 triệu tỷ đồng và tỷ lệ nợ xấu thấp (1,12%).  Thành công nhờ quản lý chi phí hiệu quả (CIR 28%) và chuyển đổi số.  * **HDBank:**  Hoàn thành tốt kế hoạch kinh doanh với ROA và ROE cao, tỷ lệ nợ xấu thấp, và trả cổ tức cao.  Tập trung vào ngân hàng số ""Happy Digital Bank"", ứng dụng công nghệ tiên tiến (eKYC, OCR, Facematch...), và thực hiện tốt các tiêu chuẩn ESG.  * **TPBank:**  Tăng trưởng mạnh mẽ nhờ chuyển đổi số, đặc biệt là LiveBank 24/7 và ứng dụng TPBank Mobile, đạt 12 triệu khách hàng và gần 1 tỷ giao dịch trên app.  Thành công với dòng thẻ Flash 2in1 và tăng trưởng doanh số thẻ ấn tượng (71%).  Đầu tư vào ESG.   Cả ba ngân hàng đều được đề cử tại WeChoice Awards 2023, minh chứng cho sự thành công và đóng góp của họ cho nền kinh tế. "
2024-01-15,"Lãi suất ngân hàng TPBank mới nhất tháng 1/2024: Giảm ở tất cả các kỳ hạn, cao nhất 5,3%/năm","Tháng 1/2024, lãi suất tiết kiệm tại TPBank giảm ở tất cả các kỳ hạn, dao động từ 3% đến 5,3%. Lãi suất cao nhất 5,3%/năm áp dụng cho kỳ hạn 36 tháng (gửi tại quầy), và 5,2%/năm cho kỳ hạn 24 tháng (gửi online).  So với tháng trước, lãi suất giảm 0,5% - 0,7%. Lãi suất gửi online và các hình thức lĩnh lãi khác nhau cũng được niêm yết cụ thể. "
2024-01-28,"Coteccons, Viettel Money và TPBank giành giải Đơn vị Vươn mình rực rỡ tại WeChoice Awards 2023","Tại WeChoice Awards 2023, Coteccons, Viettel Money, và TPBank đã giành giải ""Đơn vị Vươn mình rực rỡ"".  Coteccons được vinh danh vì sự phục hồi ấn tượng sau khủng hoảng nội bộ và việc đảm bảo công ăn việc làm cho người lao động trong ngành xây dựng. Viettel Money được khen ngợi vì đã phổ cập dịch vụ tài chính số đến người dân, đặc biệt ở nông thôn, với gần 25 triệu khách hàng và nhiều sáng kiến thúc đẩy chuyển đổi số. TPBank được tôn vinh vì đạt mốc 12 triệu khách hàng, tiên phong trong chuyển đổi số, tăng vốn thành công, và tập trung vào phát triển bền vững (ESG). "
2024-07-24,TPBank giúp khách hàng mọi lứa tuổi xây dựng thói quen và chủ động giao dịch trên kênh số,"TPBank đang triển khai chiến dịch giúp khách hàng, đặc biệt là người lớn tuổi, làm quen và sử dụng kênh giao dịch số, cụ thể là LiveBank 24/7.  Nhân viên ngân hàng hướng dẫn khách hàng sử dụng máy LiveBank 24/7 tại các chi nhánh, giúp họ tự thực hiện giao dịch mà không cần đến quầy.  Khách hàng đánh giá cao sự tiện lợi, chủ động (24/7) và an toàn của LiveBank 24/7, đặc biệt là tính năng xác thực sinh trắc học giúp giao dịch nhanh chóng mà không cần mang theo giấy tờ.  TPBank đang mở rộng mô hình này trên toàn quốc để giảm tải cho giao dịch tại quầy và khuyến khích giao dịch số.  LiveBank 24/7 cũng cho phép mở tài khoản mới một cách dễ dàng. "
2024-01-31,"TPBank với "" trái tim thấu hiểu"" chinh phục giải ""Đơn vị vươn mình rực rỡ"" tại Wechoice Awards 2023","TPBank đã giành giải ""Đơn vị Vươn mình rực rỡ"" tại WeChoice Awards 2023 với hơn 149.000 lượt bình chọn.  Năm 2023 đánh dấu mốc 12 triệu khách hàng và gần 1 tỷ giao dịch trên app TPBank.  Thành công của TPBank đến từ việc tiên phong trong chuyển đổi số,  bao gồm việc ra mắt LiveBank 24/7, ứng dụng eKYC,  và các tính năng hiện đại trên app như ChatPay, VoicePay, FacePay.  TPBank cũng nổi bật với các sản phẩm cá nhân hóa, chiến lược ESG,  và triết lý kinh doanh lấy khách hàng làm trọng tâm,  ứng dụng công nghệ để phục vụ nhu cầu thực tế.  The Asian Banker đã công nhận TPBank là ngân hàng có hệ sinh thái số tốt nhất Việt Nam. "
2024-10-28,Từ chiến lược đến hành động phát triển bền vững: TPBank gặt hái nhiều thành công,"TPBank đã đạt được nhiều thành tựu trong việc triển khai chiến lược phát triển bền vững (ESG), kết hợp chuyển đổi số và các hoạt động xã hội.  Số hóa gần như toàn bộ hoạt động (trên 90%) giúp giảm lượng giấy tờ, tiết kiệm năng lượng, và giảm lượng khí thải carbon.  TPBank tiên phong trong việc ứng dụng công nghệ như LiveBank 24/7, eKYC, ChatPay, VoicePay, và trợ lý số eCM để nâng cao trải nghiệm khách hàng và giảm thiểu tác động môi trường.  Ngân hàng cũng tích cực hỗ trợ các dự án xanh,  doanh nghiệp do phụ nữ làm chủ, và tuân thủ các chuẩn mực ESG quốc tế, được minh chứng qua các giải thưởng như ""Best Trade Partner Bank - Gender Finance 2024"" từ IFC và giải thưởng Sao Khuê 2024. TPBank cam kết tiếp tục mở rộng tín dụng xanh, đầu tư vào các dự án bền vững, và thực hiện các hoạt động trách nhiệm xã hội. "
2024-10-14,Giá trị thương hiệu của TPBank đạt mốc 461 triệu USD theo Brand Finance,"Giá trị thương hiệu TPBank đạt 461 triệu USD (tăng 8%) theo Brand Finance Vietnam 100 2024, xếp hạng 23 và thứ 10 trong số các ngân hàng.  Thị phần của TPBank tăng gần 5 lần, đạt 24%, nhờ chiến lược tập trung vào ngân hàng số và trải nghiệm khách hàng (""Chọn trải nghiệm, trọn chất Tôi"").  TPBank được đánh giá cao về khả năng ghi nhớ thương hiệu, mức độ quen thuộc, và tăng trưởng.  Thành công này đến từ việc đầu tư mạnh vào công nghệ (LiveBank 24/7, app TPBank Mobile với ChatPay, VoicePay…),  triết lý kinh doanh lấy khách hàng làm trung tâm, và các chiến dịch truyền thông sáng tạo (Đại nhạc hội TPBank 2in1 Concert, Truck Tím…). "
2024-05-23,TPBank mở lối ESG cho tài chính toàn diện bình đẳng giới tại Việt Nam,"TPBank đã được IFC vinh danh là ""Ngân hàng Đối tác Thương mại Tốt nhất - Tài chính hỗ trợ bình đẳng giới 2024"" (Best Trade Partner Bank – Gender Finance 2024) vì đóng góp nổi bật vào chương trình tài trợ thương mại cho doanh nghiệp do phụ nữ điều hành.  Giải thưởng này khẳng định cam kết của TPBank với ESG và tài chính toàn diện, bình đẳng giới.  TPBank có 62% lao động nữ và nhiều nữ lãnh đạo, nên ưu tiên hỗ trợ doanh nghiệp do phụ nữ làm chủ.  Năm 2023, TPBank đã khởi động dự án ESG, nhận khoản vay 100 triệu USD từ DFC để hỗ trợ khách hàng nữ và doanh nghiệp nhỏ và vừa, và triển khai các gói tín dụng ưu đãi cho doanh nghiệp xanh và doanh nghiệp do phụ nữ làm chủ.  TPBank xem việc thúc đẩy bình đẳng giới là một phần quan trọng trong chiến lược phát triển bền vững. "
2024-03-07,TPBank dự chi 90 tỷ đồng để gom thêm 9 triệu cổ phiếu của Chứng khoán Tiên Phong,"TPBank dự định chi 90 tỷ đồng để mua thêm 9 triệu cổ phiếu của Chứng khoán Tiên Phong (TPS) thông qua đợt chào bán thêm cổ phiếu với giá 10.000 đồng/cổ phiếu. Hiện TPBank đang sở hữu 18 triệu cổ phiếu TPS (9,01% vốn). Sau đợt chào bán, vốn điều lệ của TPS sẽ tăng lên 3.000 tỷ đồng. TPBank dự kiến sẽ nâng sở hữu lên 27 triệu cổ phiếu. TPS sẽ dùng số tiền huy động (1.000 tỷ đồng) để tăng cường năng lực tài chính và mở rộng hoạt động.  Năm 2023, TPBank đạt tổng thu nhập hơn 16.000 tỷ đồng nhưng lợi nhuận giảm xuống 5.600 tỷ đồng so với 6.260 tỷ đồng năm 2022.  Tổng tài sản của TPBank đạt 356.000 tỷ đồng và CAR đạt 12,4%. "
2024-11-18,"Khách hàng Vietcombank, Techcombank, VPBank, TPBank,… lưu ý: Trường hợp không thể rút tiền tại quầy từ ngày 1/1/2025","Nhiều ngân hàng lớn tại Việt Nam (Vietcombank, Techcombank, VPBank, TPBank,...) thông báo rằng từ ngày 1/1/2025, khách hàng sẽ không thể sử dụng chứng minh nhân dân (cả loại 9 số và 12 số) để giao dịch tại quầy.  Khách hàng cần cập nhật giấy tờ tùy thân bằng Căn cước công dân gắn chip trước thời điểm này.  Việc này dựa trên Luật Căn cước công dân (có hiệu lực từ 1/7/2024) và Thông tư 17/2024/TT-NHNN.  Giấy tờ hết hạn hoặc chưa cập nhật cũng sẽ bị từ chối giao dịch.  Một số ngân hàng khuyến nghị bổ sung CCCD gắn chip thay thế cho hộ chiếu hoặc các giấy tờ tùy thân khác đã hết hạn.  Từ 1/10/2024, hộ chiếu không còn được dùng để mở tài khoản. "
2024-04-15,"TPBank lập ""hat-trick"" giải thưởng tại Lễ vinh danh và trao giải thưởng Sao Khuê 2024","TPBank đã giành được 3 giải thưởng Sao Khuê 2024:  ""Ngân hàng số"" (cho ứng dụng TPBank Mobile), ""Đổi mới sáng tạo"" (cho Bảo lãnh dự thầu online trên TPBank Biz), và ""Giải pháp thúc đẩy tiếp cận số"" (cho Bio Center - hệ thống xác thực sinh trắc học).  Các giải thưởng này ghi nhận sự tiên phong của TPBank trong chuyển đổi số,  đặc biệt là việc nâng cao trải nghiệm khách hàng thông qua các sản phẩm và dịch vụ sáng tạo.  Bio Center đã đóng góp đáng kể vào tăng trưởng khách hàng của TPBank (đạt 12 triệu khách hàng vào cuối năm 2023).  Bảo lãnh dự thầu online cho phép khách hàng doanh nghiệp thực hiện bảo lãnh 100% trực tuyến, nhanh chóng và thuận tiện.  TPBank nhấn mạnh triết lý ""khách hàng là trọng tâm"" trong chiến lược phát triển của mình. "
2024-10-01,"Dự báo lợi nhuận quý III của các ngân hàng: Eximbank, HDBank, LPBank, VietinBank, VPBank, TPBank sẽ tăng trưởng mạnh nhất","Công ty Chứng khoán MBS dự báo lợi nhuận quý III/2024 của một số ngân hàng Việt Nam.  Tăng trưởng tín dụng dự kiến tiếp tục cải thiện, nhưng NIM đi ngang hoặc giảm nhẹ do tăng lãi suất huy động và giảm lãi suất cho vay. Thu nhập ngoài lãi vẫn ảm đạm.  Nợ xấu dự báo không tăng.  Một số ngân hàng dự báo tăng trưởng lợi nhuận mạnh gồm: Eximbank (70%), HDBank (44%), TPBank (35%), VietinBank (40%) do tăng trưởng tín dụng cao hoặc mức lợi nhuận thấp của cùng kỳ năm trước.  Các ngân hàng khác như VPBank (37%), LPBank (41%) cũng tăng trưởng tốt.  Ngược lại, Vietcombank (9%), ACB (7%), VIB (-19%), và OCB (-20%) dự báo tăng trưởng thấp hơn hoặc giảm lợi nhuận.  Sự khác biệt chủ yếu đến từ tăng trưởng tín dụng, NIM, và chi phí dự phòng. "
2024-07-29,"Cập nhật KQKD ngân hàng quý 2/2024 ngày 29/7: Thêm BIDV, VIB, TPBank, BVBank,...","Báo cáo kết quả kinh doanh quý II/2024 của một số ngân hàng Việt Nam cho thấy:  * **BIDV:** Lợi nhuận trước thuế quý II tăng 17,4%, 6 tháng tăng 12,1%; tổng tài sản vượt 2,5 triệu tỷ đồng. * **BVBank:** Lợi nhuận trước thuế quý II tăng mạnh 486% do kiểm soát chi phí tốt; 6 tháng đạt 153 tỷ đồng. * **VIB:** Lợi nhuận trước thuế 6 tháng giảm so với cùng kỳ, nhưng ROE duy trì ở 21%; tổng tài sản tăng 5%. * **Techcombank:** Lợi nhuận trước thuế quý II đạt kỷ lục, tăng 59% (ngân hàng mẹ) và 38,5% (hợp nhất); 6 tháng tăng 38,6%; nợ xấu tăng nhưng tỷ lệ dự phòng phủ đầy đủ. * **ACB:** Lợi nhuận trước thuế 6 tháng tăng 5%; quý II tăng 14% so với quý trước và 16% so với cùng kỳ; dư nợ tín dụng tăng 12,4%. * **SeABank:** Lợi nhuận trước thuế 6 tháng tăng 61%; CASA tăng mạnh 59%. * **LPBank:** Lợi nhuận trước thuế 6 tháng tăng 142%; tổng tài sản tăng 15,6%; nợ xấu tăng. * **NCB:** Lợi nhuận trước thuế quý II tăng mạnh 6 lần so với cùng kỳ năm trước; tiền gửi và cho vay tăng. * **Vietbank:** Lợi nhuận trước thuế 6 tháng đạt 411 tỷ đồng, tăng 11,3%; dư nợ tăng 10%. * **PGBank:** Lợi nhuận trước thuế quý II tăng nhẹ 0,6%; 6 tháng giảm 6,6%. * **BaoVietBank:** Lợi nhuận trước thuế 6 tháng tăng 4,42%.  Báo cáo bao gồm nhiều chỉ số tài chính khác nhau như tổng tài sản, dư nợ tín dụng, tiền gửi khách hàng, tỷ lệ CASA, và nợ xấu. "
2024-09-22,Chủ tịch TPBank: Cần tăng cường trách nhiệm người vay; tháo gỡ vướng mắc về xử lý tài sản đảm bảo,"Chủ tịch HĐQT TPBank, ông Đỗ Minh Phú, cho rằng tăng trưởng tín dụng tăng tốc gần đây nhờ 3 yếu tố:  sự điều hành hiệu quả của Chính phủ (GDP tăng, xuất siêu lớn), chính sách tiền tệ của NHNN (tỷ giá và lãi suất liên ngân hàng giảm), và cơ chế cấp tín dụng mới của NHNN (cho phép ngân hàng chủ động hơn). Ông đề xuất tăng cường trách nhiệm của người vay và tháo gỡ vướng mắc trong xử lý tài sản đảm bảo, đặc biệt là cần có khung pháp lý mới thay thế Nghị quyết 42 để xử lý nợ xấu hiệu quả hơn, tránh rủi ro pháp lý cho ngân hàng.  Ông cũng kiến nghị sớm ban hành nghị quyết thí điểm về dự án nhà ở thương mại để hỗ trợ thị trường bất động sản. Cuối cùng, ông kêu gọi tinh thần trách nhiệm và khát vọng của doanh nghiệp để cùng Chính phủ đạt được mục tiêu phát triển kinh tế. "
2024-03-30,"Agribank, BIDV, TPBank, VIB... công khai lãi suất cho vay: Chỉ từ 5%/năm","Theo yêu cầu của Chính phủ và Ngân hàng Nhà nước, nhiều ngân hàng đã công khai lãi suất cho vay bình quân tháng 3/2024 (hoặc tháng 2): Agribank (ngắn hạn ưu tiên 4%, ngắn hạn thông thường 5%, trung dài hạn 6%, tiêu dùng 13%; bình quân 7,47%), BIDV (6,49%), VIB (cá nhân ngắn hạn 7,29%, trung dài hạn 8,6%; doanh nghiệp ngắn hạn 6,83%, trung dài hạn 7,69%), LPBank (8,07%), TPBank (7,76%), ACB (cơ sở 8,7%), và Sacombank (tùy kỳ hạn, từ 4,2% đến 8,5%).  Các ngân hàng cũng công bố chi phí vốn và chênh lệch lãi suất giữa cho vay và huy động.  Đây là một phần trong nỗ lực tăng cường minh bạch hoạt động tín dụng. "
2024-01-19,"Năm 2023, CASA của TPBank tăng trưởng ấn tượng cùng lượng khách hàng vượt 12 triệu","Năm 2023, TPBank đạt được nhiều thành tựu:  tăng trưởng tổng tài sản (8,5%), vốn điều lệ (đạt hơn 22.000 tỷ đồng), và đặc biệt là số lượng khách hàng vượt mốc 12 triệu (tăng 3,5 triệu khách hàng mới, gấp đôi số khách hàng 12 năm trước). Tỷ lệ CASA tăng 34%,  tổng thu nhập hoạt động đạt hơn 16.000 tỷ đồng (thu nhập lãi thuần tăng 9%), và lợi nhuận đạt 5.600 tỷ đồng (ROE 13,77%).  Ngân hàng cũng chủ động trích lập dự phòng cao để kiểm soát nợ xấu.  Dư nợ cho vay tăng 19%, vượt xa mức trung bình ngành, nhờ các sản phẩm cho vay đa dạng và tiện lợi (như cho vay qua LiveBank).  Doanh số giao dịch thẻ tăng trưởng mạnh, đặc biệt là VISA Signature.  TPBank cũng nhận được nhiều giải thưởng uy tín trong và ngoài nước, khẳng định vị thế của mình trên thị trường. "
2024-01-20,"Kết quả kinh doanh quý 4/2023 ngày 20/1: FPT, SHS, VPS, LPB, TPB, STK, HSC... cùng hàng trăm doanh nghiệp công bố trước 'deadline' với nhiều kết quả bất ngờ","Nhiều doanh nghiệp đã công bố báo cáo tài chính quý IV/2023 trước thời hạn, cho thấy kết quả kinh doanh đa dạng:  * **Chứng khoán:** VPS (lãi trước thuế tăng 140%), SHS (tăng 20%), Mirae Asset (tăng 2%, nhưng lãi cả năm giảm 22%), VCBS (tăng 127%). * **Ngân hàng:** TPBank (lãi trước thuế giảm 67%), LPBank (tăng 286%), Bắc Á Bank (tăng 36%). * **Khác:** HMC (lãi sau khi lỗ cùng kỳ), Hủa Na (giảm 51%), RIC (tiếp tục lỗ), Udico (tăng 67%), FPT (tăng trưởng doanh thu và lợi nhuận), Vinacafe Biên Hòa (tăng trưởng lợi nhuận).  Báo cáo chi tiết về doanh thu, lợi nhuận trước/sau thuế của từng doanh nghiệp.  Kết quả cho thấy sự tăng trưởng của một số doanh nghiệp trong lĩnh vực chứng khoán, bất động sản và công nghệ, trong khi một số khác ghi nhận sự suy giảm lợi nhuận hoặc tiếp tục lỗ.   "
2024-05-27,"TPBank liên tục được đánh giá tích cực, xếp hạng tín nhiệm với triển vọng “Ổn định”","VIS Rating xếp hạng tín nhiệm TPBank ở mức AA- với triển vọng ""Ổn định"", đánh giá cao cơ cấu nguồn vốn mạnh (CASA chiếm trung bình 19% dư nợ cho vay trong 5 năm qua, cao hơn mức trung bình ngành) và khả năng sinh lời tốt (ROAA trung bình 1,8% trong 5 năm qua, cao hơn mức trung bình ngành).  Mặc dù ROAA năm 2023 giảm do chi phí dự phòng, VIS Rating dự báo sẽ cải thiện trong 12-18 tháng tới.  SSI Research cũng đánh giá tích cực, dự báo NIM sẽ phục hồi trong năm 2025 và tỷ lệ nợ xấu sẽ ổn định rồi giảm xuống. VNDirect cũng đánh giá tích cực dựa trên kết quả kinh doanh quý I/2024 khả quan. TPBank gần đây đã trả cổ tức cao cho cổ đông (25% bằng tiền mặt và cổ phiếu năm 2023, và 25% tiền mặt năm 2022). "
2024-02-23,CEO Nguyễn Hưng: TPBank đã vươn mình rực rỡ và đang bước tiếp trên hành trình phát triển bền vững,"Ông Nguyễn Hưng, CEO TPBank, chia sẻ về thành công của ngân hàng trong năm 2023, đặc biệt là việc vượt mốc 12 triệu khách hàng nhờ chiến lược ngân hàng số, ứng dụng công nghệ (LiveBank 24/7, eKYC, ChatPay, VoicePay…), và chiến dịch truyền thông hiệu quả.  Ông nhấn mạnh việc hướng đến khách hàng trẻ thông qua sản phẩm đa dạng và các chiến dịch sáng tạo.  TPBank đã số hóa hơn 90% hoạt động, tiết kiệm chi phí và thời gian, và nâng cao quản trị rủi ro.  Ông khẳng định vị thế tiên phong của TPBank trong chuyển đổi số tại Việt Nam với triết lý ""công nghệ vị nhân sinh"",  tập trung vào nhu cầu khách hàng và phát triển bền vững.  Năm 2024, TPBank sẽ tiếp tục thúc đẩy tăng trưởng, quản lý rủi ro, mở rộng thu nhập ngoài lãi, và đẩy mạnh chiến lược ESG. "
2024-10-30,"Tăng trưởng lành mạnh và bền vững, TPBank báo lãi gần 5.500 tỷ đồng trong 9 tháng đầu năm 2024","Trong 9 tháng đầu năm 2024, TPBank đạt lợi nhuận trước thuế hơn 5.460 tỷ đồng (tăng 10,2%), tổng huy động đạt 342.120 tỷ đồng (tăng 8%), và thu nhập hoạt động đạt hơn 12.900 tỷ đồng (tăng gần 10%). Thu nhập lãi thuần tăng 10%, và thu nhập từ dịch vụ đóng góp đáng kể.  Tỷ lệ CIR giảm xuống 34% nhờ số hóa và quản lý chi phí hiệu quả.  Ngân hàng đã trích lập dự phòng gần 3.000 tỷ đồng và duy trì CAR ở mức 13%. Giá trị thương hiệu TPBank tăng lên 461 triệu USD. Dư nợ tín dụng tăng 14%, tập trung vào các lĩnh vực ưu tiên và tín dụng xanh (gói vay 5.000 tỷ đồng, lãi suất 0% trong 3 tháng đầu). TPBank cũng tích cực đóng góp cho xã hội (nộp thuế 2.419 tỷ đồng năm 2023, hỗ trợ bão lũ), và duy trì NIM ở mức xấp xỉ 4%.  "
2024-10-25,Lãi suất tiết kiệm và cho vay mới nhất tại TPBank: Cao nhất bao nhiêu?,"Lãi suất tiết kiệm TPBank hiện dao động từ 0,5% đến 5,7%/năm tùy kỳ hạn và hình thức gửi (quầy hoặc online). Lãi suất cao nhất 5,7% áp dụng cho kỳ hạn 36 tháng (cả gửi tại quầy và online).  Lãi suất cho vay cơ sở được công bố, dao động từ 6,95% đến 8,4%/năm tùy kỳ hạn (1-12 tháng), với lãi suất vay mua ô tô (3 tháng) là 9,1%/năm. "
2024-04-23,"ĐHĐCĐ TPBank: Chủ tịch Đỗ Minh Phú nói về việc thay đổi đề xuất, quyết định trình kế hoạch chia cả cổ tức tiền mặt và cổ phiếu trong năm nay","Đại hội đồng cổ đông TPBank năm 2024 thông qua kế hoạch chia cổ tức 5% bằng tiền mặt và 20% bằng cổ phiếu, nâng vốn điều lệ lên 26.419 tỷ đồng.  Năm 2023, TPBank đạt lợi nhuận 5.589 tỷ đồng (thấp hơn kế hoạch do trích lập dự phòng cao để xử lý nợ xấu và hỗ trợ khách hàng),  tăng trưởng khách hàng vượt trội (12 triệu khách hàng).  Kế hoạch năm 2024 đặt mục tiêu lợi nhuận trước thuế 7.500 tỷ đồng (tăng 34%),  tăng trưởng tín dụng 15,75%, và tỷ lệ nợ xấu dưới 2,5%.  Thách thức năm 2024 bao gồm chính sách lãi suất của FED, tỷ giá,  nhu cầu tín dụng thấp, và xử lý nợ xấu.  TPBank đang chờ phê duyệt để hỗ trợ Hafic tự phục hồi.   "
2024-01-05,Ra mắt tính năng Bảo lãnh Dự thầu Online siêu tốc trên TPBank Biz,"TPBank ra mắt tính năng Bảo lãnh Dự thầu Online trên TPBank Biz, cho phép doanh nghiệp hoàn tất thủ tục bảo lãnh chỉ trong 30 phút thông qua vài thao tác đơn giản trên nền tảng trực tuyến. Hệ thống tự động hóa toàn bộ quy trình, từ nhập liệu đến gửi hồ sơ và nhận thư bảo lãnh, không cần giấy tờ.  TPBank Biz, nền tảng ngân hàng số dành cho doanh nghiệp, tích hợp nhiều tính năng hiện đại khác như trợ lý ảo 24/7, thanh toán nhanh chóng, giải ngân nhanh, và hệ sinh thái BizConnex kết nối với hơn 30 đối tác.  TPBank cam kết tiếp tục đầu tư công nghệ để nâng cao trải nghiệm khách hàng doanh nghiệp. "
2024-06-25,TPBank đem đa kênh hỗ trợ khách hàng cập nhật khuôn mặt khi giao dịch,"Để đáp ứng Quyết định 2345 về xác thực giao dịch giá trị cao bằng khuôn mặt, TPBank cung cấp nhiều kênh hỗ trợ khách hàng cập nhật thông tin khuôn mặt: app TPBank, LiveBank 24/7, và quầy giao dịch truyền thống.  LiveBank 24/7 là một lựa chọn thuận tiện, đặc biệt cho khách hàng lớn tuổi hoặc không quen thuộc với công nghệ.  TPBank đã sớm áp dụng xác thực sinh trắc học từ năm 2017 và đã là ngân hàng đầu tiên áp dụng Quyết định 2345 cho 100% khách hàng từ ngày 20/6/2024,  tăng cường bảo mật giao dịch.  Quyết định 2345 giúp tăng cường bảo mật so với các phương thức xác thực truyền thống bằng cách so khớp khuôn mặt trên CCCD với dữ liệu của ngân hàng.   "
2024-01-23,Khám phá loạt tính năng dành riêng cho shop trên App TPBank,"App TPBank cung cấp nhiều tính năng tiện ích dành riêng cho chủ shop:  * **Tài khoản Shopname:** Sử dụng tên shop làm số tài khoản, dễ nhớ và tạo ấn tượng thương hiệu. * **Thanh toán đa quốc gia:** Mã QR đa năng chấp nhận thanh toán từ khách hàng trong và ngoài nước (Trung Quốc, Thái Lan, Campuchia). * **TPBank SoftPOS:** Biến điện thoại thành máy POS để chấp nhận thanh toán thẻ contactless. * **Chia sẻ biến động số dư:** Cho phép nhiều người cùng theo dõi biến động tài khoản shop (miễn phí cho 2 người). * **SmartSearch:** Công cụ tìm kiếm giao dịch thông minh.  App TPBank giúp chủ shop quản lý tài chính hiệu quả hơn, tiết kiệm chi phí, và tiếp cận khách hàng dễ dàng hơn.  Hiện có chương trình khuyến mãi dành cho shop thực hiện nhiều giao dịch qua QR. "
2024-10-22,"VPBank, TPBank, Sacombank, Nam Á Bank… dừng giao dịch với khách hàng không xác thực sinh trắc học và cập nhật CCCD gắn chip từ 1/1/2025","Nhiều ngân hàng Việt Nam (Nam A Bank, VPBank, Sacombank, VietBank, SHB, TPBank,...) thông báo sẽ tạm dừng giao dịch tại quầy cho khách hàng không cập nhật thông tin CCCD gắn chip và thông tin sinh trắc học trước ngày 1/1/2025.  Đây là theo yêu cầu của Ngân hàng Nhà nước nhằm tăng cường an ninh, an toàn trong giao dịch ngân hàng điện tử và ngăn chặn lừa đảo.  Khách hàng cần cập nhật thông tin cá nhân và sinh trắc học để tránh bị gián đoạn giao dịch.  Thống kê cho thấy xác thực sinh trắc học đã giảm đáng kể số vụ lừa đảo. "
2024-11-05,"Một trong những DN công nghệ lâu đời nhất sàn chứng khoán Việt ""đu đỉnh"" đầu tư cổ phiếu, đổ hơn 200 tỷ vào TPB, VNS, PGI…","Công ty HIPT (HIG) đã đầu tư hơn 223 tỷ đồng vào chứng khoán (khoảng 22,5% tổng tài sản) trong quý II/2024-2025, bao gồm các mã như TPB, PGI, VTO, VNS.  Công ty đã phải trích lập dự phòng giảm giá hơn 44 tỷ đồng.  Đây là khoản đầu tư được tăng lên so với đầu niên độ tài chính.  Mặc dù doanh thu quý II giảm 19% so với cùng kỳ năm trước và công ty báo lỗ,  HIPT vẫn duy trì và gia tăng đầu tư chứng khoán, bắt đầu từ năm 2021. HIPT là một công ty công nghệ thành lập năm 1994.   "
2024-08-13,"Agribank, TPBank, Techcombank,... tăng lãi suất tiết kiệm: Làn sóng tăng lãi suất lan rộng","Nhiều ngân hàng Việt Nam, bao gồm Agribank, Sacombank, TPBank, VPBank, Techcombank, Eximbank, Saigonbank, HDBank, CBBank, VIB, và một số ngân hàng khác, đã tăng lãi suất tiết kiệm trong tháng 8/2024.  Mức tăng dao động từ 0,1% đến 0,5% tùy ngân hàng và kỳ hạn.  Lãi suất cao nhất hiện tại trên thị trường là 6,1% (áp dụng tại một số ngân hàng cho kỳ hạn 24 tháng). MBS dự báo lãi suất huy động kỳ hạn 12 tháng có thể tăng thêm 0,5% vào cuối năm, nhưng lãi suất cho vay sẽ duy trì ở mức hiện tại. "
2024-01-20,Nợ xấu TPBank giảm mạnh hơn 1.000 tỷ đồng trong quý 4/2023,"Báo cáo tài chính quý IV/2023 của TPBank cho thấy lợi nhuận trước thuế giảm 67% so với cùng kỳ năm trước (630 tỷ đồng), chủ yếu do chi phí dự phòng rủi ro tăng mạnh (1.970 tỷ đồng, tăng 17 lần).  Tuy nhiên, thu nhập lãi thuần tăng 43,8%, và hoạt động ngoại hối cũng tăng trưởng mạnh.  Lợi nhuận cả năm giảm 28,6% (5.588 tỷ đồng).  Dư nợ cho vay khách hàng tăng mạnh (27,5% cả năm, 14% trong quý IV), nhưng nợ xấu giảm hơn 1.100 tỷ đồng trong quý IV, dù tỷ lệ nợ xấu/dư nợ cho vay tăng lên 2,05%. Tiền gửi khách hàng tăng 6,8%, và tỷ lệ CASA cải thiện lên 21,1%.   "
2024-04-16,"TPBank tung gói tín dụng 3.000 tỷ đồng với lãi suất cho vay chỉ từ 4,5%","TPBank triển khai gói tín dụng 3.000 tỷ đồng với lãi suất ưu đãi từ 4,5% dành cho khách hàng mới vay kinh doanh lần đầu (cá nhân và doanh nghiệp siêu nhỏ) từ ngày 10/4 đến 30/9/2024 hoặc đến khi hết hạn mức.  Lãi suất cụ thể: 4,5% (cá nhân, 2 tháng); 7,2% (cá nhân, 12 tháng); 4,8% (MSME, 2 tháng); 7,5% (MSME, 12 tháng).  TPBank cũng có gói ưu đãi Tài – Lộc – Phát giảm lãi suất thêm cho khách hàng vay kinh doanh hiện hữu.  Ngân hàng này luôn tích cực giảm lãi suất và hỗ trợ khách hàng (giảm 1.950 tỷ đồng lãi vay năm 2023) và tối ưu hóa quy trình vay vốn. "
2024-11-01,CEO TPBank giải mã chiến lược bán lẻ ngân hàng kiểu ‘FMCG kết hợp vàng bạc đá quý’,"Ông Nguyễn Hưng, Tổng Giám đốc TPBank, chia sẻ chiến lược bán lẻ của ngân hàng, lấy cảm hứng từ mô hình FMCG (hàng tiêu dùng nhanh) và kinh nghiệm từ ngành vàng bạc đá quý.  TPBank tập trung vào trải nghiệm khách hàng, thiết kế sản phẩm dịch vụ dựa trên nhu cầu thực tế,  không chạy đua giá mà tập trung vào sự tiện lợi và hiệu quả.  Công nghệ đóng vai trò quan trọng,  nhưng trọng tâm là thay đổi tư duy phục vụ khách hàng.  TPBank đa dạng hóa sản phẩm,  không tập trung vào một sản phẩm chủ đạo để giảm rủi ro.  Ngân hàng số giúp TPBank mở rộng quy mô khách hàng nhanh chóng,  đặc biệt là mảng tín dụng tiêu dùng online (Buy Now Pay Later).  Lợi thế cạnh tranh của TPBank nằm ở việc chăm chút trải nghiệm khách hàng ở mọi chi tiết,  và mục tiêu trong tương lai là tối đa hóa sự tiện lợi trên kênh số, giảm thiểu tối đa việc giao dịch tại quầy. "
2024-04-01,TPBank đặt mục tiêu lợi nhuận trước thuế 7.500 tỷ đồng trong năm 2024,"TPBank đặt mục tiêu lợi nhuận trước thuế 7.500 tỷ đồng năm 2024 (tăng 34% so với năm 2023, trong khi năm 2023 chỉ đạt 5.589 tỷ đồng do điều kiện kinh tế khó khăn, nợ xấu tăng, và trích lập dự phòng cao).  Kế hoạch bao gồm tăng tổng tài sản (lên 390.000 tỷ đồng), dư nợ cho vay (lên 251.821 tỷ đồng), và huy động vốn (lên 327.000 tỷ đồng).  Tỷ lệ nợ xấu được kiểm soát dưới 2,5%. TPBank sẽ rà soát lại bộ máy tổ chức, phát triển nhân lực, và tiếp tục tái cơ cấu Hafic.  Về phân bổ lợi nhuận, TPBank đã chi trả cổ tức 25% bằng tiền mặt và hơn 39% bằng cổ phiếu năm 2023.  "
2024-07-11,Có gì mới trong chiếc thẻ ưu đãi ẩm thực “thịnh soạn” nhất của TPBank,"TPBank ra mắt thẻ tín dụng TPBank JCB CashBack, kế thừa thế mạnh công nghệ và mạng lưới của thẻ TPBank JCB Reward.  Thẻ được mở online trên app TPBank,  có tính năng bảo mật 3D Secure, và chấp nhận thanh toán toàn cầu.  Ưu điểm chính là ưu đãi hoàn tiền lên đến 10% (tối đa 12 triệu đồng/năm) cho giao dịch ẩm thực,  cùng nhiều ưu đãi giảm giá tại các nhà hàng Nhật Bản, chuỗi Golden Gate, và Shopee Food.  Chủ thẻ còn được hưởng đặc quyền JCB Platinum (nghỉ dưỡng, golf, phòng chờ sân bay).  Trong 45 ngày kích hoạt, có ưu đãi hoàn phí thường niên và hoàn tiền giao dịch đầu tiên.   "
2024-04-26,"Ngân hàng TPBank, KienlongBank tăng lãi suất tiết kiệm từ hôm nay 26/4","TPBank và KienLongBank đã tăng lãi suất tiết kiệm online từ ngày 26/4/2024.  TPBank tăng từ 0,1% đến 0,3% tùy kỳ hạn (cao nhất 5,3% cho kỳ hạn 36 tháng). KienLongBank tăng từ 0,1% đến 0,3% cho kỳ hạn 6-12 tháng (cao nhất 5,5% cho kỳ hạn 15-36 tháng), nhưng giảm 0,1% cho kỳ hạn 13 tháng.  Nhiều ngân hàng khác cũng đã tăng lãi suất trong tháng 4. "
2024-01-20,"Cập nhật KQKD quý 4/2023 ngân hàng ngày 20/1: Thêm LPBank, TPBank, BacABank, Saigonbank công bố","Báo cáo tài chính quý IV/2023 của một số ngân hàng Việt Nam cho thấy kết quả đa dạng: LPBank (lợi nhuận tăng 287%), Saigonbank (lợi nhuận tăng mạnh so với cùng kỳ), Bac A Bank (tăng trưởng tốt), và TPBank (giảm mạnh do trích lập dự phòng). BaoVietBank và PGBank có kết quả khiêm tốn hơn.  Một số ngân hàng khác đã công bố kết quả kinh doanh sơ bộ cả năm 2023: Vietcombank (lợi nhuận tăng 10,2%), BIDV (vượt kế hoạch), MB (lợi nhuận riêng lẻ tăng 22%, hợp nhất tăng 15%), Agribank (tăng 14,5-15%), VietinBank (vượt kế hoạch, cán mốc tỷ USD), Sacombank (tăng 50%), và VIB (dự kiến lợi nhuận sau thuế 8.640 tỷ đồng).  Vietcombank vẫn là ngân hàng có lợi nhuận cao nhất, trong khi Sacombank có mức tăng trưởng lợi nhuận mạnh nhất. "
2024-11-03,Truy tố cựu cán bộ Ngân hàng TPBank tham ô 246 lượng vàng SJC 'nướng' vào tiền ảo,"Nguyễn Văn Linh, cựu Trưởng nhóm ngân quỹ TPBank, bị truy tố tội “Tham ô tài sản” vì chiếm đoạt 246 lượng vàng SJC (trị giá hơn 8,8 tỷ đồng) từ kho quỹ của ngân hàng.  Linh lợi dụng việc kiểm kê vàng cầm cố không thường xuyên để lấy vàng trong két mua bán,  dùng vàng từ nơi khác thay thế, và bán số vàng chiếm đoạt để đầu tư chứng khoán và tiền ảo. Sau khi không thể bù lại số vàng đã lấy, Linh tự thú. "
2024-08-29,TPBank dành 5.000 tỷ với lãi suất ưu đãi dành cho các dự án xanh,"TPBank cung cấp gói tín dụng 5.000 tỷ đồng với lãi suất 0% trong 3 tháng đầu cho các dự án xanh đáp ứng các tiêu chuẩn quốc tế (EDGE, BCA Green Mark, LEED, v.v.) trong các lĩnh vực năng lượng tái tạo, giao thông bền vững, nông nghiệp bền vững, xây dựng xanh, và quản lý nước/chất thải bền vững.  Bên cạnh đó, TPBank Biz, nền tảng ngân hàng số dành cho doanh nghiệp, cung cấp nhiều tiện ích miễn phí như trợ lý ảo 24/7, giao dịch trực tuyến nhanh chóng, hệ sinh thái BizConnex, và miễn phí chuyển tiền/phí quản lý tài khoản cho khách hàng doanh nghiệp. "
2024-04-23,"Chiều 23/4: Cập nhật KQKD quý 1/2024 của 11 ngân hàng, thêm TPBank, MSB công bố","Đến chiều 23/4, 11 ngân hàng đã công bố kết quả kinh doanh quý I/2024, bao gồm báo cáo đầy đủ của Techcombank (lợi nhuận trước thuế 7.802 tỷ đồng, tăng 38,7%), MB (gần 5.800 tỷ đồng, giảm 11%), LPBank (gần 2.900 tỷ đồng, tăng 84%), PGBank (116 tỷ đồng, giảm 24%), Bac A Bank (339 tỷ đồng, tăng 1%), BaoVietBank, và kết quả sơ bộ của SeABank, ACB, VIB, TPBank (lợi nhuận trước thuế hơn 1.800 tỷ đồng, dự kiến tháng 4 đạt hơn 2.500 tỷ đồng), và MSB (lợi nhuận trước thuế hơn 1.500 tỷ đồng).  MSB và TPBank công bố kết quả tại đại hội đồng cổ đông,  cho thấy tăng trưởng tín dụng tốt bất chấp tăng trưởng chung của ngành chững lại.   "
2024-04-22,"Cổ phiếu ngân hàng đồng loạt tăng phiên 22/4: TPB ‘xanh’ mạnh trước ngày đại hội cổ đông, nhiều mã hồi phục tích cực sau nhịp giảm sâu","Phiên giao dịch 22/4, cổ phiếu ngân hàng đồng loạt tăng, dẫn đầu là TPB (+5,4%) trước ngày đại hội cổ đông (đề xuất lợi nhuận 7.500 tỷ đồng, có khả năng chia cổ tức tiền mặt và cổ phiếu).  EIB (+4,2%), BID, và STB cũng tăng mạnh trước đại hội cổ đông của mình.  HDB (+0,7%) cũng tăng trước đại hội,  đề xuất chia cổ tức 25% năm 2023 và 30% năm 2024.  Nhiều mã ngân hàng khác tăng điểm,  trong khi MBB giảm nhẹ do lợi nhuận quý I giảm 11%. Thanh khoản thị trường giảm, nhưng cổ phiếu ngân hàng vẫn có khối lượng giao dịch cao. "
2024-01-29,TPBank được WeChoice Awards 2023 vinh danh trong hạng mục Đơn vị vươn mình rực rỡ,"TPBank đã được WeChoice Awards 2023 vinh danh trong hạng mục ""Đơn vị vươn mình rực rỡ"", nhận được hơn 149.000 lượt bình chọn.  Thành công của TPBank đến từ chiến lược chuyển đổi số mạnh mẽ, giúp tăng trưởng khách hàng đột phá (vượt 12 triệu khách hàng năm 2023),  cùng với việc tăng trưởng tổng tài sản và vốn điều lệ liên tục trong 10 năm.  TPBank được đánh giá cao về việc đổi mới sản phẩm (LiveBank 24/7, ChatPay, VoicePay…),  cá nhân hóa trải nghiệm khách hàng, và cam kết phát triển bền vững.  Giải thưởng này khẳng định sự tin tưởng của khách hàng và cộng đồng đối với TPBank.  TPBank cam kết tiếp tục tiên phong trong chuyển đổi số và đóng góp cho sự phát triển kinh tế xã hội. "
2024-10-18,Cựu cán bộ ngân hàng TPBank tham ô 246 lượng vàng SJC,"Nguyễn Văn Linh, cựu cán bộ Kho quỹ TPBank, bị đề nghị truy tố tội “Tham ô tài sản” vì chiếm đoạt 246 lượng vàng SJC (khoảng 8,8 tỷ đồng).  Linh lợi dụng sơ hở trong việc kiểm kê vàng, lấy vàng từ két “vàng mua bán” rồi dùng vàng từ két “vàng cầm cố” thay thế.  Linh bán vàng lấy tiền đầu tư chứng khoán, tiền ảo, và xổ số.  Hành vi của Linh bị phát hiện khi không còn đủ vàng để thay thế.  Ngoài ra, Linh còn bị cáo buộc giữ hộ hơn 70 tỷ đồng của bà T. nhưng không trả lại. Bà K. không bị truy tố do không đủ chứng cứ. "
2024-01-23,"Gay cấn WeChoice Awards 2023: Hàng chục nghìn công nhân Coteccons 'máu lửa' làm điều chưa từng có, Viettel Money và TPBank bất ngờ thế chỗ của Vinamilk và Hảo Hảo","Cuộc bình chọn WeChoice Awards 2023 diễn ra sôi nổi, với Coteccons dẫn đầu nhờ sự tham gia tích cực của hàng chục nghìn công nhân. Viettel Money và TPBank bất ngờ vượt lên, chiếm vị trí thứ hai và ba, đẩy Vinamilk và Hảo Hảo xuống vị trí thấp hơn. Coteccons, một công ty xây dựng, đang phục hồi mạnh mẽ sau khó khăn và ghi nhận kết quả kinh doanh khả quan trong quý 1/2023-2024.   "
2024-10-19,Cựu nhân viên TPBank 'rút ruột' 246 lượng vàng SJC đem bán để đầu tư tiền ảo,"Nguyễn Văn Linh, cựu nhân viên Kho quỹ TPBank, bị điều tra và đề nghị truy tố tội “Tham ô tài sản” vì lấy trộm 246 lượng vàng SJC (trị giá hơn 8,8 tỷ đồng) từ két vàng của ngân hàng. Linh thay thế số vàng bị lấy bằng vàng từ két vàng cầm cố để tránh bị phát hiện. Anh ta bán số vàng lấy tiền đầu tư và sau đó tự thú. Bà Trương Thị Hồng Khanh, người mua vàng, không bị truy tố do thiếu chứng cứ. TPBank đã được bồi thường thiệt hại. "
2024-02-07,Số hóa “heo đất” của các bé lên App TPBank với Tài khoản Con yêu,"TPBank ra mắt tính năng ""Tài khoản Con yêu"" trên app TPBank, giúp phụ huynh quản lý tiền bạc cho con cái, bao gồm theo dõi số dư, gửi tiết kiệm, và tạo mã QR nhận lì xì.  Tính năng này cho phép cả phụ huynh và con cái cùng theo dõi tài khoản.  TPBank cũng cung cấp tính năng lì xì qua QR và chương trình khuyến mãi lì xì, quà tặng cho khách hàng mở ""Tài khoản Con yêu"" trong dịp Tết Nguyên đán.  Tính năng này giúp dạy trẻ em về quản lý tài chính và cung cấp một phương thức lì xì hiện đại, tiện lợi. "
2024-04-26,"Chiến lược kiến tạo nên những màn ""bứt tốc"" của TPBank","TPBank báo cáo kết quả kinh doanh năm 2023 khả quan,  đặc biệt là tăng trưởng mạnh mẽ mảng bán lẻ (trên 3,5 triệu khách hàng mới, đạt 12 triệu khách hàng).  Thành công này dựa trên chiến lược ngân hàng số, tận dụng công nghệ AI, Big Data và sinh trắc học để tối ưu trải nghiệm khách hàng và hiệu quả hoạt động (giảm 40% chi phí vận hành và 60% thời gian giao dịch tại quầy).  Số hóa hơn 90% hoạt động nội bộ.  Tổng tài sản vượt 350.000 tỷ đồng, dư nợ cho vay trên 200.000 tỷ đồng, và tỷ lệ CASA tăng 34%.  TPBank duy trì vị trí ""Ngân hàng vững mạnh nhất châu Á Thái Bình Dương"" của The Asian Banker và tuân thủ Basel III.  Mục tiêu năm 2024 là lợi nhuận trước thuế 7.500 tỷ đồng,  tăng trưởng tổng tài sản và dư nợ cho vay,  và kiểm soát nợ xấu dưới 2,5%.   "
