publish_date,title,content
2024-10-09,MB Capital mua lại hơn 2 triệu cổ phiếu Gas Petrolimex,"Công ty Cổ phần Quản lý Quỹ đầu tư MB (MB Captital) vừa báo cáo kết quả giao dịch cổ phiếu của người có liên quan của người nội bộ. Theo đó, người có liên quan của tổ chức là ông Giang Trung Kiên - Thành viên Hội đồng quản trị Tổng công ty Gas Petrolimex – CTCP (MCK: PGC) đã mua lại thành công 2,08 triệu cổ phiếu PGC. Giao dịch được thực hiện theo phương thức thỏa thuận, diễn ra từ ngày 2/10/2024 đến ngày 4/10/2024. Sau khi hoàn tất giao dịch, MB Capital tăng tỷ lệ sở hữu từ 1,03% (619.600 cổ phiếu) lên 4,47% (2,699 triệu cổ phiếu). Phiên giao dịch ngày 2/10/2024, PGC ghi nhận 2,096 triệu cổ phiếu được giao dịch thỏa thuận, trùng khớp với thời điểm MB Capital mua vào. Tạm tính theo giá cổ phiếu PGC đóng cửa ngày 2/10/2024 là 14.400 đồng/cổ phiếu, ước tính MB Capital đã chi hơn 29,95 tỷ đồng để mua vào 2,08 triệu cổ phiếu PGC. Ảnh minh họa Trước đó ngày 26/9/2024, MB Capital thông tin đã bán ra thành công 2,1 triệu cổ phiếu PGC, giảm sở hữu từ hơn 2,7 triệu cổ phiếu (tỷ lệ 4,48%) xuống còn 603.032 cổ phiếu (tỷ lệ 1%). Giao dịch được thực hiện từ ngày 25/9/2024 đến ngày 26/9/2024 theo phương thức thoả thuận và khớp lệnh. Phiên giao dịch ngày 25/9/2024,  PGC ghi nhận 2,123 triệu cổ phiếu được giao dịch, trùng khớp với thời điểm MB Capital bán ra. Tạm tính theo giá cổ phiếu PGC đóng cửa ngày 25/9/2024 là 14.150 đồng/cổ phiếu, ước tín MB Capital thu về hơn 29,71 tỷ đồng. Về tình hình kinh doanh, theo báo cáo tài chính hợp nhất soát xét 6 tháng đầu năm 2024, Gas Petrolimex ghi nhận doanh thu thuần đạt 2.017 tỷ đồng, tăng 15,3% so với cùng kỳ năm trước. Khấu trừ các khoản thuế phí, Gas Petrolimex báo lãi 63,73 tỷ đồng, tăng 5,84%. Tính đến quý II/2024, Gas Petrolimex có tổng tài sản là 2.868 tỷ đồng, trong đó tài sản ngắn hạn là 1.671 tỷ đồng, giảm 11,82%, tài sản dài hạn là 1.197 tỷ đồng, tăng 86,93% so với đầu năm. Tổng nợ phải trả của Gas Petrolimex ở mức 2.036 tỷ đồng, trong đó nợ ngắn hạn là 1976 tỷ đồng, tăng 23,4%, nợ dài hạn là 60,54 tỷ đồng, giảm 7,79% so với đầu năm. Vốn chủ sở hữu ở mức 831,8 tỷ đồng, giảm 4,27% so với đầu năm. "
2024-07-25,"Trong khi HVN, VGI, GVR, VEA đã giảm hàng chục phần trăm từ đỉnh, cổ phiếu Becamex IDC 'lầm lũi' tăng 37% sau 3 tháng, vốn hóa vượt Sabeco, Petrolimex...","Kết thúc phiên giao dịch ngày 25/7, thị trường đã chứng kiến sắc đỏ bao trùm, VN-Index giảm 5,3 điểm về còn 1.233 điểm. Trong bối cảnh đó, cổ phiếu BCM của Tổng công ty Đầu tư và Phát triển Công nghiệp (Becamex IDC) tăng 3,3% lên mức giá 69.100 đồng/cp. Đây cũng là mức giá cao nhất trong 4 tháng qua của cổ phiếu này. Tính từ cuối tháng 4/2024 đến nay, thị giá của BCM ghi nhận mức tăng gần 37%. Cổ phiếu BCM vẫn tiếp tục duy trì đà tăng của mình từ tháng 4 cho tới nay bất chấp việc một số cổ phiếu của doanh nghiệp Nhà nước khác đã bắt đầu có dấu hiệu giảm trong một tháng qua. Có thể ví dụ đến cổ phiếu HVN của Vietnam Airlines đã giảm 44% từ đỉnh; VGI của Viettel Global giảm 34,6% từ đỉnh; hay GVR giảm 14,3% từ đỉnh.  Vốn hóa của Becamex IDC lúc này cũng đã đạt mức 71.520 tỷ đồng (khoảng 2,8 tỷ USD). Như vậy, vốn hóa của doanh nghiệp này đã vượt Sabeco, BSR, Vietjet hay SSI.  Cổ phiếu BCM tăng mạnh trong thời gian qua trong bối cảnh Thủ tướng đã ban hành Quyết định phê duyệt giảm vốn nhà nước tại Becamex IDC từ 95,44% về 65% đến cuối năm 2025. Đây là cơ sở để cổ đông nhà nước bán vốn và giảm sở hữu tại Becamex IDC. Về phương án cụ thể, Becamex IDC đã trình phương án phát hành 300 triệu cổ phiếu ra công chúng theo hình thức đấu giá công khai tại Sở Giao dịch Chứng khoán TP HCM (HOSE). Số cổ phiếu này bằng 29% số cổ phiếu đang lưu hành của Becamex IDC. Cổ phiếu chào bán thành công cho nhà đầu tư thông qua đấu giá công khai sẽ không bị hạn chế giao dịch. Giá khởi điểm đấu sẽ không thấp hơn 50.000 đồng/cổ phiếu. Với số tiền dự kiến huy động tối thiểu là 15.000 tỷ đồng, Becamex IDC sẽ đầu tư 6.300 tỷ đồng vào các dự án; 3.634 tỷ đồng góp vốn vào các thành viên hiện hữu và 5.066 tỷ đồng tái cấu trúc tài chính. Danh sách hạng mục dự kiến được giải ngân vốn gồm: KCN Bàu Bàng mở rộng (3.500 tỷ đồng), KCN Cây Trường (2.800 tỷ đồng), VSIP (2.118 tỷ đồng), Becamex Bình Phước (900 tỷ đồng)... Đánh giá về động thái muốn giảm sở hữu nhà nước tại Becamex IDC gần đây, SSI Research cho rằng, việc giảm tỷ lệ sở hữu thông qua phát hành tăng vốn điều lệ (cổ đông Nhà nước không tham gia mua) sẽ khả thi hơn và qua đó, Becamex IDC tăng quy mô vốn chủ sở hữu, hạ tỷ lệ nợ trên vốn chủ sở hữu xuống. Ngoài ra, nhờ có thêm vốn mới, công ty sẽ bổ sung đầu tư vào các công ty con, công ty liên kết. Bản thân Becamex IDC cũng là một doanh nghiệp có nhiều kiện thuận lợi để phát triển. Công ty này là một trong những nhà phát triển bất động sản khu công nghiệp lớn nhất Việt Nam  khi sở hữu tài sản lên tới 54.069 tỷ đồng với tổng diện tích đất sẵn sàng cho thuê lên tới 357,7 ha. Sở hữu 7 khu công nghiệp có tổng diện tích hơn 4.700 ha đang trực tiếp vận hành, Becamex IDC là chủ đầu tư khu công nghiệp lớn nhất tại tỉnh Bình Dương với hơn 30% thị phần cấp tỉnh và lớn thứ ba tại Việt Nam với 3,6% thị phần toàn quốc. Ngoài ra, Becamex IDC còn tham gia liên doanh với doanh nhiệp Singapore để thành lập Công ty Liên doanh Khu công nghiệp Việt Nam-Singapore (VSIP, Becamex IDC sở hữu 49% vốn). VSIP là nhà phát triển khu công nghiệp và đô thị tích hợp hàng đầu Việt Nam bao gồm 12 dự án trên cả nước với tổng diện tích hơn 10.000 ha. Khu công nghiệp VSIP Quảng Nam của liên doanh Becamex IDC và đối tác Singapore. Qua gần 50 năm phát triển, Becamex IDC có 23 công ty thành viên hoạt động trong nhiều lĩnh vực như khu công nghiệp, xây dựng, thương mại, bất động sản, dịch vụ, viễn thông, công nghệ thông tin, vật liệu xây dựng, cảng, giáo dục, y tế… Trong đó, nhiều doanh nghiệp đang niêm yết trên sàn chứng khoán như CTCP Kinh doanh và Phát triển Bình Dương (mã TDC), Becamex IJC (mã IJC), Becamex ACC (mã ACC), Becamex BCE (mã BCE)… Trong năm 2023, Becamex IDC đã lập nên một kỷ lục lợi nhuận mới. Đến quý 1/2024, doanh nghiệp này tiếp tục báo kết quả kinh doanh tăng trưởng. Cụ thể, trong quý đầu năm, công ty ghi nhận doanh thu thuần 812 tỷ đồng, tăng nhẹ 3% so với cùng kỳ. Khấu trừ chi phí, Becamex IDC ﻿báo lãi sau thuế 119 tỷ đồng trong quý 1/2024, tăng 60% so với cùng kỳ năm trước đó. Lãi ròng đạt 118 tỷ đồng.  Tổng tài sản tính đến cuối quý 1/2024 đạt 54.069 tỷ đồng, tăng 645 tỷ đồng so với đầu năm. Hàng tồn kho chiểm tỷ trọng lớn trong cơ cấu tài sản với 38%, tương đương 20.348 tỷ đồng. Công ty hiện có hơn 34.543 tỷ đồng nợ phải trả, tăng gần 600 tỷ đồng so với thời điểm đầu năm."
2024-05-05,Petrolimex sắp chi trả cổ tức năm 2023 tỷ lệ 15% bằng tiền mặt,"Thông tin từ Sở Giao dịch Chứng khoán TP.HCM (HoSE), ngày 4/5, HĐQT Tập đoàn Xăng dầu Việt Nam (Petrolimex, MCK: PLX, sàn HoSE) đã thông qua Nghị quyết số 108/PLX-NQ-HĐQT về việc thực hiện chi trả cổ tức năm 2023 bằng tiền. Theo đó, ngày 15/5, Petrolimex sẽ chốt danh sách cổ đông thực hiện chi trả cổ tức năm 2023 bằng tiền mặt tỷ lệ 15%, tương ứng 1 cổ phiếu nhận được 1.500 đồng cổ tức. Ngày thực hiện thanh toán cổ tức là 28/5/2024. Trước đó, tại ĐHĐCĐ năm 2024 ngày 26/4/2024, cổ đông đã thông qua việc, nguồn vốn được sử dụng để chi trả cổ tức được trích từ Quỹ đầu tư phát triển 217 tỷ đồng, trích lập các quỹ khen thưởng, phúc lợi 53 tỷ đồng. Về tình hình kinh doanh, theo BCTC hợp nhất quý I/2024, doanh thu thuần củaPetrolimexđạt 75.106 tỷ đồng, tăng 11% so với cùng kỳ năm trước. Giá vốn tăng hơn 10% lên 75.106,2 tỷ đồng; lợi nhuận gộp đạt 4.669 tỷ đồng, tăng 31% với quý I/2023. Trong kỳ, chi phí bán hàng và chi phí quản lý doanh nghiệp lần lượt tăng 14% và 15%, lên 3.198 tỷ đồng và 238 tỷ đồng. Khấu trừ chi phí, Petrolimex báo lợi nhuận trước thuế đạt 1.441 tỷ đồng; lãi ròng ở mức 1.133 tỷ đồng, tăng 70% so với quý I/2023. Tại ĐHĐCĐ thường niên năm 2024, Petrolimex đặt mục tiêu doanh thu hợp nhất đạt 188.000 tỷ đồng và lợi nhuận hợp nhất trước thuế đạt 2.900 tỷ đồng, lần lượt bằng 68% và 74% so với thực hiện năm 2023. Với kết quả đã đạt được trong quý đầu năm, PLX đã thực hiện được gần 50% kế hoạch lợi nhuận cho cả năm."
2024-06-18,"Lần đầu tiên Fortune công bố Top DN lớn nhất Đông Nam Á, điểm mặt 13 DN Việt lọt Top 100: Petrolimex, Vingroup, Thế giới Di động…","Fortune – tạp chí nổi tiếng với những bảng xếp hạng uy tín thế giới – lần đầu tiên thực hiện bảng xếp hạng tại Đông Nam Á, Fortune SEA 500. Theo đó, 500 công ty tại 7 quốc gia (Indonesia, Thái Lan, Singapore, Malaysia, Việt Nam, Philippines và Campuchia) và 57 lĩnh vực (gồm hàng không, dệt may, hóa chất…) được Fortune đánh giá dựa trên tiêu chí doanh thu năm 2023. Fortune lần đầu thực hiện bảng xếp hạng này nhằm phản ánh câu chuyện tăng trưởng ấn tượng của khu vực thông qua sự phát triển và tăng trưởng của các công ty lớn trong đa lĩnh vực. Theo bảng xếp hạng, công ty có doanh thu lớn nhất Đông Nam Á là tập đoàn thương mại đa quốc gia Trafigura, có trụ sở chính tại Singapore. Thành lập năm 1993, Trafigura hiện có 12.000 nhân viên, là một trong những nhà cung cấp kim loại, vật liệu, dầu khí lớn nhất thế giới.  ""Thiên đường khởi sự kinh doanh"" Singapore góp nhiều cái tên nhất trong top 10. Ngoài Trafigura, Singapore còn có Wilmar - một trong những nhà sản xuất dầu cọ lớn nhất thế giới - xếp hạng 4, Tập đoàn Olam xếp hạng 5, Flex hạng 8 và tập đoàn tài chính DBS xếp hạng 10. Indonesia, Thái Lan và Philippines có tổng cộng 5 doanh nghiệp trong top 10. 3 quốc gia gồm Malaysia, Việt Nam, Cambodia không có đại diện lọt top 10. Thứ hạng cao nhất của doanh nghiệp Việt trong bảng xếp hạng Fortune SEA 500 là 23, thuộc về Tập đoàn Xăng dầu Việt Nam (Petrolimex). Xét Top 100, Việt Nam có 13 doanh nghiệp được vinh danh. Sau Petrolimex, những doanh nghiệp Việt được vinh danh tiếp theo ghi nhận khá nhiều nhà băng lớn như Agribank, BIDV, VietinBank, VPBank, MB, hay các tập đoàn đầu ngành Vingroup, Hòa Phát, Thế giới Di động, Vietnam Airlines…  Xét riêng danh sách doanh nghiệp có nữ làm chủ, Việt Nam góp 2 đại diện là Vinamilk và Vietjet Air trong Top 10. Xét riêng từng lĩnh vực, trong lĩnh vực hàng không, Vietnam Airlines xếp hạng 3, sau Singapore Airlines và Thai Airways. VietjetAir xếp hạng 7. Trong lĩnh vực dịch vụ CNTT, FPT được xếp hạng đầu. Doanh nghiệp này đứng thứ 160 trong danh sách Fortune SEA 500. Fortune là một tạp chí kinh doanh đa quốc gia, đối thủ cạnh tranh của Forbes và Bloomberg, do Time Inc phát hành và sở hữu. Fortune thường xuyên xuất bản các bảng xếp hạng Fortune 500, hiện gồm các bảng xếp hạng Fortune Global 500, Fortune 500 Europe, Fortune China 500 và mới đây là Fortune SEA 500."
2024-08-02,"DN của 6 tỷ phú đô la Việt Nam nộp ngân sách gần 73.000 tỷ đồng năm 2023, gần bằng “người khổng lồ” PVN, ngang ngửa Viettel và Petrolimex cộng lại","Nhằm ghi nhận vai trò quan trọng của khu vực tư nhân trong nền kinh tế, tôn vinh và lan toả tinh thần phụng sự xã hội, CafeF đã xây dựng PRIVATE 100 – Danh sách các doanh nghiệp tư nhân nộp ngân sách lớn nhất Việt Nam với số thực nộp tối thiểu 100 tỷ đồng. Danh sách lần đầu tiên sắp công bố trong tháng 8/2024 được thống kê theo số liệu thực nộp trong niên độ tài chính 2023. Không quá bất ngờ khi các vị trí dẫn đầu PRIVATE 100 hiện đều là các doanh nghiệp được sở hữu và điều hành bởi các tỷ phú đô la theo xếp hạng của Forbes. Theo thống kê, năm 2023, các doanh nghiệp của 6 vị tỷ phú đô la của Việt Nam bao gồm ông Phạm Nhật Vượng (Vingroup), bà Nguyễn Thị Phương Thảo (Vietjet Air & HDBank), ông Trần Đình Long (Hòa Phát), ông Hồ Hùng Anh (Techcombank), ông Nguyễn Đăng Quang (Masan Group) và ông Trần Bá Dương & gia đình (Thaco) đã đóng góp cho ngân sách nhà nước 72.700 tỷ đồng. Đây mới chỉ là những con số của các doanh nghiệp được nêu trên. Trên thực tế, các tỷ phú vẫn còn sở hữu khá nhiều doanh nghiệp khác mà số nộp ngân sách chưa được công bố chẳng hạn như Sovico Group của tỷ phú Nguyễn Thị Phương Thảo hay công ty Xanh SM của tỷ phú Phạm Nhật Vượng. Con số gần 73.000 tỷ đồng nộp ngân sách của doanh nghiệp của các tỷ phú tương đương với tổng số nộp của 2 trong 3 tập đoàn nhà nước lớn nhất là Viettel và Petrolimex (tổng nộp 71.200 tỷ trong năm ngoái). Không loại trừ khả năng trong ít năm tới, tổng số nộp ngân sách của các tỷ phú có thể tiệm cận được với Tập đoàn Dầu khí PVN.  Vingroup  Luôn nằm trong top doanh nghiệp có vốn hóa lớn nhất thị trường, tập đoàn của tỷ phú Phạm Nhật Vượng đóng hơn 30.900 tỷ đồng vào ngân sách trong năm 2023, dẫn đầu danh sách PRIVATE 100. Trong năm 2023, khoản nộp lớn nhất của Vingroup là thuế giá trị gia tăng gần 11.000 tỷ đồng, tiếp đó là thuế Thu nhập doanh nghiệp 6.900 tỷ đồng, thuế Nhà đất, tiền thuê đất 5.000 tỷ đồng. Trước đó, năm 2022, Vingroup đóng hơn 44.900 tỷ đồng vào ngân sách. Trong đó, riêng tiền sử dụng đất, thuê đất, nghĩa vụ hợp đồng xây dựng - chuyển giao đã hơn 31.500 tỷ đồng, chủ yếu đến từ hai dự án đại đô thị trên địa bàn tỉnh Hưng Yên mà Vinhomes - công ty con của Vingroup làm chủ đầu tư. Ông Phạm Nhật Vượng góp mặt trong danh sách của Forbes từ năm 2015 và là người giàu nhất Việt Nam với khối tài sản 4,2 tỷ USD Thaco Đứng thứ 2 trong danh sách doanh nghiệp tư nhân nộp ngân sách lớn nhất Việt Nam năm 2023 là Tập đoàn Thaco của tỷ phú Trần Bá Dương. Thaco đã nộp tổng cộng 21.000 tỷ đồng vào ngân sách nhà nước trong năm 2023. Riêng tại Quảng Nam,  Thaco đã nộp gần 16.000 tỷ đồng, trong đó, thuế nội địa là hơn 11.100 tỷ đồng. Thaco cũng là đơn vị đóng góp quan trọng, chủ yếu chiếm hơn 60% tổng thu nội địa của tỉnh Quảng Nam. Tỷ phú Trần Bá Dương & gia đình được đưa vào danh sách của Forbes từ năm 2018, theo bảng xếp hạng thời gian thực của Forbes, hiện ông sở hữu khối tài sản 1,2 tỷ USD, xếp thứ 5 Việt Nam. Hòa Phát  Năm 2023, Hòa Phát đã nộp gần 9.100 tỷ đồng vào ngân sách, và đứng thứ 3 trong danh sách. Hòa Phát cũng cho biết trong 6 tháng đầu năm 2024, số nộp ngân sách của tập đoàn này đã lên đến 7.400 tỷ đồng. Tập đoàn Hòa Phát đang hoạt động và đóng góp ngân sách nhà nước tại 25 tỉnh, thành phố trên cả nước. Trong đó, các công ty thành viên có đóng góp ngân sách nhiều nhất là Thép Hòa Phát Dung Quất, Thép Hòa Phát Hải Dương, Ống thép Hòa Phát, Thép Hòa Phát Hưng Yên, Điện máy gia dụng. Tỷ phú Trần Đình Long hiện là tỷ phú giàu thứ 3 Việt Nam với tài sản 2,4 tỷ USD.  Techcombank  Techcombank nộp hơn 7.900 tỷ đồng vào ngân sách trong năm 2023, là mức đóng cao nhất từ năm 2019 đến nay của Techcombank và tăng gần 63,6% so với năm 2022 (hơn 4.800 tỷ đồng). Chủ yếu trong đó là thuế Thu nhập doanh nghiệp hơn 5.000 tỷ đồng. Đồng thời, Techcombank cũng là đơn vị dẫn đầu trong danh sách ngân hàng tư nhân và đứng thứ 4 trong số các doanh nghiệp tư nhân nộp ngân sách nhà nước năm 2023. Techcombank hiện là một trong số những ngân hàng thương mại cổ phần lớn của Việt Nam, Chủ tịch Techcombank - ông Hồ Hùng Anh hiện đang đứng thứ 4 trong danh sách tỷ phú USD Việt Nam với khối tài sản 1,7 tỷ USD. Masan Group  Tập đoàn Masan của Chủ tịch Nguyễn Đăng Quang nộp ngân sách  nhà nước hơn 4.400 tỷ đồng trong năm 2023, đứng thứ 9 trong danh sách. Trong đó, khoản nộp lớn nhất là thuế giá trị gia tăng hơn 1.700 tỷ đồng. Trong 3 năm trước đó, tập đoàn này nộp ngân sách nhà nước trong khoảng 4.800 – 5.400 tỷ đồng. Chủ tịch Masan Nguyễn Đăng Quang hiện đang đứng thứ 6 trong danh sách tỷ phú USD Việt Nam trên Forbes, sở hữu khối tài sản 1,1 tỷ USD. Ngoài ra vai trò lớn ở Masan, ông hiện còn là Phó Chủ tịch HĐQT Techcombank. Vietjet Air & HDBank Đều thuộc sự dẫn dắt của nữ tỷ phú tự thân giàu nhất Việt Nam - bà Nguyễn Thị Phương Thảo, năm 2023, HDBank nộp ngân sách nhà nước gần 3.000 tỷ đồng, đứng thứ 13 trong danh sách PRIVATE 100 còn Vietjet Air nộp ngân sách nhà nước gần 800 tỷ đồng, đứng thứ 40. So với năm 2022, số nộp ngân sách nhà nước của Vietjet đã tăng 21,6% (năm 2021 Vietjet đóng ngân sách nhà nước 657 tỷ đồng). Giai đoạn trước dịch Covid-19, năm 2019, Vietjet nộp ngân sách nhà nước hơn 1.500 tỷ đồng. Liên quan tới đặc thù hoạt động ngành hàng không, Vietjet có những khoản thu hộ thuế, phí, gián tiếp đóng góp cho ngân sách, cụ thể là phí, lệ phí sân bay, an ninh soi chiếu... chuyển cho ACV, liên qua tới mỗi hành khách thông qua các cảng hàng không, thuế môi trường liên quan xăng dầu... Vietjet cho biết, trong năm 2023, Vietjet đã đóng góp các khoản thuế, phí trực tiếp và gián tiếp cho ngân sách khoảng 5.200 tỷ đồng.  Về HDBank, số nộp ngân sách năm 2023 tăng 58,3% với mức nộp năm trước (gần 1.900 tỷ đồng). Phần lớn khoản nộp ngân sách của HDBank là thuế Thu nhập doanh nghiệp hơn 2.200 tỷ đồng, sau đó là thuế Thu nhập cá nhân 445 tỷ đồng, thuế VAT 214 tỷ đồng, ... Hiện tại, ngoài vị trí Chủ tịch HĐQT Vietjet Air và Phó Chủ tịch thường trực HDBank, bà Thảo còn lãnh đạo nhiều doanh nghiệp khác như Sovico, Hướng Dương Sunny. Bà hiện là người giàu thứ 2 Việt Nam với tài sản 2,9 tỷ USD. PRIVATE 100 – Top Doanh nghiệp tư nhân nộp ngân sách lớn nhất Việt Nam là danh sách được CafeF thu thập từ những nguồn công khai hoặc các số liệu có thể xác thực, phản ánh toàn bộ số thực nộp ngân sách của doanh nghiệp, bao gồm các khoản thuế, phí, các khoản phải nộp. Các doanh nghiệp có số nộp ngân sách trong năm tài chính gần nhất từ 100 tỷ đồng trở lên đều có thể được tham gia vào danh sách. Một số doanh nghiệp tiêu biểu trong danh sách năm 2024, thể hiện số thực nộp của năm tài chính 2023, có thể kể đến như ACB; HDBank; Masan Group; OCB; PNJ; SHB; SSI; Techcombank; TPBank; Tập đoàn Hòa Phát; VNG; VPBank; VIB, VietBank, VPS…(xếp theo thứ tự bảng chữ cái)  "
2024-11-03,Petrolimex báo lãi ròng quý III/2024 giảm sâu do biến động của giá dầu thế giới,"Tập đoàn Xăng dầu Việt Nam (Petrolimex, MCK:PLX, sàn HoSE) vừa công bố Báo cáo tài chính hợp nhất quý III/2024 và Giải trình biến động báo cáo tài chính quý III/2024 so với quý III/2023. Theo đó, quý III/2024 Petrolimex ghi nhận doanh thu thuần hơn 64.352 tỷ đồng, giảm 11,17% so với cùng kỳ. Lợi nhuận gộp giảm gần 9,1% xuống ở mức hơn 3.436 tỷ đồng. Doanh thu hoạt động tài chính gần 495,8 tỷ đồng, giảm 58,3%. Chi phí tài chính bán hàng và quản lý doanh nghiệp đều tăng so với cùng kỳ. Cụ thể, chi phí bán hàng tăng 6,7% ở mức hơn 3.318 tỷ đồng, còn chi phí quản lý doanh nghiệp tăng 24,58% lên gần 268,5 tỷ đồng. Trong khi đó, chi phí tài chính giảm mạnh từ 627,2 tỷ đồng xuống 231,7 tỷ đồng, giảm 63,06%. Nguồn: Petrolimex Sau khi trừ đi các khoản phí, lợi nhuận sau thuế thu nhập doanh nghiệp theo báo cáo tài chính của công ty mẹ là gần 208,5 tỷ đồng, giảm 83,32% so với cùng kỳ năm trước. Báo cáo tài chính hợp nhất của Petrolimex cho thấy, lợi nhuận sau thuế quý III/2024 đạt gần 130,5 tỷ đồng, giảm 82,11% so với cùng kỳ năm trước. Theo giải trình của ban lãnh đạo về kết quả kinh doanh kém khả quan, lợi nhuận sau thuế của công ty mẹ giảm so với cùng kỳ năm 2023 là do quý này Petrolimex không ghi nhận lợi nhuận hoạt động tài chính từ thoái vốn Ngân hàng TMCP Petrolimex (PG Bank) sau khi hoàn thành chuyển quyền sở hữu cổ phiếu PG Bank cho các nhà đầu tư. Ngoài ra, lợi nhuận sau thuế tại Báo cáo tài chính hợp nhất quý III/2024 của Petrolimex giảm chủ yếu do biến động của giá dầu thế giới giảm mạnh. Luỹ kế 9 tháng, công ty ghi nhận doanh thu hơn 212.990 tỷ đồng, tăng 3,6% so với cùng kỳ năm 2023. Lợi nhuận gộp xấp xỉ 12.711,5 tỷ đồng, tăng 12,79% so với cùng kỳ năm trước. Lợi nhuận sau thuế hơn 2.551,1 tỷ đồng, tăng 11,5%. Tổng tài sản của tập đoàn tính đến cuối quý III hơn 70.189,1 tỷ đồng, giảm 11,9% so với đầu kỳ. Trong đó, tài sản ngắn hạn gần 49.621 tỷ đồng, giảm 13,41%, bao gồm tiền và các khoản tương đương tiền hơn 12.293,5 tỷ đồng, đầu tư tài chính ngắn hạn hơn 12.762,5 tỷ đồng, hàng tồn kho gần 13.527,2 tỷ đồng. Tài sản dài hạn ở mức hơn 20.568,1 tỷ đồng, giảm 8,05%, trong đó tài sản cố định hơn 13.323,1 tỷ đồng, tài sản dở dang dài hạn hơn 990,5 tỷ đồng. Tổng nợ phải trả của Petrolimex ở mức gần 41.514,1 tỷ đồng, giảm 17,75%. Vốn chủ sở hữu hơn 28.675 tỷ đồng, giảm 1,8% so với đầu năm, trong đó vốn góp của chủ sở hữu gần 12.938,8 tỷ đồng, tương đương gần 1,3 cổ phiếu phổ thông có quyền biểu quyết. "
2024-10-18,Petrolimex Aviation –Tiên phong cung cấp nhiên liệu hàng không bền vững SAF tại Việt Nam,"Việc tra nạp nhiên liệu này được thực hiện cho 2 chuyến bay số hiệu VJ081 và VJ860 của Hãng hàng không Vietjet (Vietjet Air) xuất phát từ thành phố Hồ Chí Minh (Việt Nam) đi Melbourne (Australia) và Incheon (Hàn Quốc) đánh dấu lần đầu tiên SAF được sử dụng cho các chuyến bay khởi hành từ Việt Nam và thể hiện nỗ lực, quyết tâm của Petrolimex Aviation trong việc phát triển sản phẩm xanh - sạch, sẵn sàng cung cấp SAF đáp ứng nhu cầu của các hãng hàng không trong nước và quốc tế. Tham dự buổi lễ có sự tham gia của đại diện Cục trưởng Cục Hàng không Việt Nam; Bộ Công Thương; Tập đoàn Xăng dầu Việt Nam cùng các Ông/Bà đại diện lãnh đạo các Vụ trực thuộc Bộ Công Thương, Cục Hàng không Việt Nam, Viện Tiêu chuẩn Chất lượng Việt Nam, Tổng Công ty Cảng hàng không Việt Nam (ACV), Hiệp hội Xăng dầu Việt Nam, Hiệp hội Doanh nghiệp Hàng không Việt Nam, Cảng vụ hàng không miền Nam, Cảng HKQT Tân Sơn Nhất, các khách hàng, đối tác thân thiết cũng như lãnh đạo Vietjet Air và Petrolimex Aviation. Thực hiện cam kết của Việt Nam tại Hội nghị COP26, đối với việc cắt giảm phát thải carbon và metan của ngành hàng không Việt Nam thông qua việc chuyển đổi năng lượng, đặc biệt là chuyển đổi từ nhiên liệu hoá thạch sang nhiên liệu bền vững SAF. Đồng thời triển khai chiến lược phát triển năng lượng xanh, sạch, thân thiện với môi trường của Tập đoàn Xăng dầu Việt Nam, Petrolimex Aviation đã triển khai nhập khẩu, kiểm soát chất lượng, lưu trữ và xuất bán SAF theo đúng các quy định tại tiêu chuẩn ASTM D7566, DEF STAN 91-091 và AFQRJOS Checklist phiên bản hiện hành; các tiêu chuẩn của Hiệp hội Vận tải Hàng không Quốc tế (IATA), Tổ chức kiểm tra chung (JIG) và Bộ Giao thông vận tải. Phát biểu chỉ đạo và chúc mừng tại buổi lễ, Ông Đinh Việt Thắng – Cục trưởng Cục Hàng không Việt Nam phát biểu: ""Sự kiện ngày hôm nay có ý nghĩa đặc biệt với ngành hàng không khi được triển khai ngay tại Việt Nam bởi Petrolimex Aviation và Vietjet Air, khẳng định năng lực và cam kết chặt chẽ của không chỉ hai doanh nghiệp mà còn cả ngành hàng không Việt Nam trên hành trình đạt các mục tiêu phát triển bền vững, giảm phát thải ròng về 0 vào năm 2050 đóng góp vào nỗ lực toàn cầu giảm thiểu phát thải carbon."" Ông Đinh Việt Thắng - Cục trưởng Cục Hàng không Việt Nam Ông Phạm Văn Thanh – Chủ tịch Hội đồng quản trị Tập đoàn Xăng dầu Việt Nam cho biết: ""Đây là cột mốc vô cùng quan trọng đối với không chỉ riêng Petrolimex Aviation mà với cả Tập đoàn Petrolimex trong chiến lược phát triển giai đoạn từ nay đến năm 2030, tầm nhìn 2045, dần hướng tới trở thành một Tập đoàn năng lượng xanh, sạch, thân thiện với môi trường. Tập đoàn Xăng dầu Việt Nam cam kết sẽ hỗ trợ, ủng hộ, tạo điều kiện để Petrolimex Aviation tiếp tục nghiên cứu, phát triển và cung ứng sản phẩm SAF một cách thường xuyên và lâu dài"". Tổng giám đốc Petrolimex Aviation Nguyễn Văn Học chia sẻ: ""Tại Việt Nam, hiện nay Petrolimex Aviation là đơn vị đầu tiên và duy nhất triển khai cung cấp và tra nạp SAF cho các hãng hàng không, và tự hào là đơn vị tiên phong cung cấp nhiên liệu cho chuyến bay thương mại đầu tiên tại Việt Nam sử dụng SAF với những chuyến bay quốc tế của Vietjet Air. Trong thời gian tới, Petrolimex Aviation cam kết sẽ tiếp tục tích cực tham gia vào quá trình chuyển đổi năng lượng xanh, sạch tại Việt Nam, chung tay góp phần xanh hóa ngành hàng không vì một tương lại bền vững và góp phần thực hiện thành công Chiến lược quốc gia về tăng trưởng xanh giai đoạn 2021 - 2030, tầm nhìn 2050 cũng như cam kết của Việt Nam tại Hội nghị COP 26 với mục tiêu giảm khí thải carbon để đạt mức phát thải ròng về 0 vào năm 2050.""  Ông Nguyễn Văn Học - Tổng giám đốc Petrolimex Aviation phát biểu  Tổng giám đốc Vietjet Air Đinh Việt Phương phát biểu: ""Hai chuyến bay của Vietjet hôm nay sử dụng nhiên liệu SAF đặc biệt ý nghĩa, những chuyến bay xanh, hàng không xanh với trải nghiệm bay tốt đẹp, thân thiện với môi trường cho người dân và du khách nhất là trên bầu trời quốc tế. Là hãng hàng không tiên phong trong hoạt động nghiên cứu, phát triển và sử dụng nhiên liệu bền vững SAF, Vietjet cam kết tiếp tục góp phần giảm lượng khí thải carbon trong ngành hàng không và phát triển bền vững."" SAF là nhiên liệu hàng không có chứa thành phần hydrocarbon tổng hợp, được chế tạo từ nhiều công nghệ sản xuất khác nhau sử dụng nhiều nguồn nguyên liệu (dầu thải, chất thải rắn phụ phẩm nông nghiệp, các loại dầu thực vật hay sinh khối như tảo, dăm bà và các nguồn năng lượng tái tạo). SAF có tính chất hóa học tương tự nhiên liệu máy bay phản lực (Jet A-1) và là loại nhiên liệu có thể được xử lý (tồn chứa, trộn lẫn, vận chuyển, tra nạp lên tàu bay) trong cùng một chuỗi cung ứng được sử dụng cho nhiên liệu Jet A-1 mà không cần thay đổi cơ sở hạ tầng hoặc thậm chí không cần thay đổi động cơ của tàu bay. Nghiên cứu khoa học chỉ ra, việc sử dụng nhiên liệu SAF tạo ra lượng khí thải carbon thấp hơn tới 80% so với nhiên liệu hàng không thông thường và sẽ có ý nghĩa lớn đối với việc giảm phát thải đối với ngành hàng không - ngành vận tải gây ra gần 5% lượng khí thải CO2 toàn cầu."
2024-07-08,"Cổ phiếu hai “ông trùm” bán lẻ xăng dầu Petrolimex, PV Oil nổi sóng sau một dự thảo Nghị định mới, đâu là điểm đặc biệt?","Cuối tháng 3/2024, Bộ Công Thương công bố dự thảo Nghị định về kinh doanh xăng dầu thay thế Nghị định 83/2014/NĐ-CP và các Nghị định sửa đổi, bổ sung Nghị định 83/2014/NĐ-CP. Không mất nhiều thời gian để nhà đầu tư đánh giá tác động của dự thảo đến các doanh nghiệp kinh doanh xăng dầu. Dòng tiền nhanh chóng tìm đếnPetrolimex (PLX)vàPV Oil (OIL)từ giữa tháng 4 đẩy cổ phiếu của hai ""ông trùm"" bán lẻ xăng dầu lớn nhất Việt Nam liên tục tăng mạnh. Sau chưa đầy 2 tháng, thị giá PLX đã tăng khoảng 30% trong khi OIL tăng đến hơn 50% lên vùng giá cao nhất trong hơn 2 năm.  Theo báo cáo mới đây của Maybank Investment Bank, dự thảo Nghị định mới về kinh doanh xăng dầu được đánh giá sẽ hỗ trợ tích cực cho các doanh nghiệp lớn trong ngành. CTCK này cho rằng, Nghị định mới sẽ củng cố lợi thế của thương nhân đầu mối, mang lại lợi ích nhiều nhất cho các doanh nghiệp chiếm ưu thế trong nhóm này (Petrolimex,PV Oil) về tiềm năng gia tăng thị phần và biên lợi nhuận. Cụ thể, Nghị định vẫn duy trì quy định chỉ các thương nhân đầu mối được phép mua xăng dầu trực tiếp từ nhà máy lọc dầu trong nước hoặc nhập khẩu từ nước ngoài, trong khi giá bán từ các thương nhân đầu mối này cho các thương nhân phân phối/bán lẻ không được luật hóa và hoàn toàn dựa trên thỏa thuận giữa các bên tham gia. Nói cách khác, thương nhân đầu mối vẫn duy trì được quyền định đoạt việc phân chia biên lợi nhuận trong chuỗi giá trị. Các thương nhân phân phối sẽ phải mua xăng dầu trực tiếp từ thương nhân đầu mối và không còn được phép mua chéo từ các thương nhân phân phối khác. Bên cạnh đó, Nghị định yêu cầu các điều kiện chặt chẽ hơn đối với các thương nhân bán lẻ dẫn đến làm yếu đi vị thế của nhóm này trong chuỗi giá trị so với các thương nhân phân phối và thương nhân đầu mối. Ngoài ra, Nghị định mới cũng muốn tăng số ngày dự trữ xăng dầu từ 20 lên 30 ngày, điều này sẽ làm tăng chi phí kinh doanh, nhưng không ảnh hưởng đến tương quan lợi thế cạnh tranh của các thương nhân đầu mối trong toàn bộ chuỗi giá trị. ""Nếu không có những sửa đổi đáng kể so với dự thảo ban đầu, tinh thầncủa Nghị định mới sẽ cải thiện cách vận hành giá bán lẻ đồng thời giảm sự phân mảnh và cólợi hơn cho các doanh nghiệp đầu mối có quy mô lớn"", báo cáo của Maybank Investment Bank nhấn mạnh. Đồng quan điểm, báo cáo mới đây của ACBS cho rằng, dự thảo sửa đổi Nghị định 80/2023 gần đây cũng có nhiều điểm hỗ trợ cho doanh nghiệp đầu mối xăng dầu nhưPetrolimexvề dài hạn. Trong đó có thể kể đến như: (1) Thương nhân phân phối không được mua hàng của nhau, chỉ được nhập hàng từ đầu mối giúp giảm chi phí trong khâu trung gian; (2) Tăng thêm các điều kiện để trở thành thương nhân đầu mối; (3) Thương nhân đầu mối và thương nhân phân phối xăng dầu được quyền quyết định giá bán nhưng không cao hơn mức giá mà công thức giá quy định. Diễn biến này nhằm xây dựng môi trường cạnh tranh và giảm sự can thiệp của Nhà nước. (4) Tổng chi phí kinh doanh và Lợi nhuận định mức tối đa trong dự thảo cao hơn mức hiện tại. ACBS cho rằng, với những lợi thế như kho chứa xăng dầu lớn nhất, vị trí cây xăng thuận lợi và thương hiệu, Petrolimex sẽ cạnh tranh tốt hơn các đối thủ khác. Về cơ bản, các doanh nghiệp tham gia kinh doanh xăng dầu (trừ nhà máy lọc dầu) được phân loại thành 3 nhóm: (1) thương nhân đầu mối, (2) thương nhân phân phối và (3) thương nhân bán lẻ. Ngoài ra, thương nhân đầu mối có thể có kênh phân phối, bán lẻ riêng. Hai thương nhân đầu mối có kênh phân phối và bán lẻ lớn nhất Việt Nam chính là Petrolimex và PV Oil. Theo ước tính, Việt Nam hiện có hơn 17.000 cửa hàng bán lẻ xăng dầu, cung cấp hàng chục triệu tấn sản phẩm cho người tiêu dùng mỗi năm. Khoảng gần 70% thị phần xăng dầu dựa trên doanh thu nội địa hiện nằm trong tay ""bộ đôi"" Petrolimex và PV Oil.  Trong đó, Petrolimex dẫn đầu với thị phần 50% cùng 5.500 cửa hàng trên toàn quốc. PV Oil xếp thứ 2 với thị phần 18% cùng 700 cửa hàng trực thuộc. Trong quý đầu năm 2024, tổng doanh thu của Petrolimex và PV Oil lên đến gần 105.000 tỷ đồng, cao nhất kể từ quý 2/2022. Bình quân mỗi ngày hai nhà bán lẻ xăng dầu này thu về 1.150 tỷ đồng. Nghị định số 80/2023/NĐ-CP của Chính phủ có hiệu lực từ ngày 17/11/2023 là Nghị định sửa đổi, bổ sung một số điều của Nghị định số 95/2021/NĐ-CP ngày 1/11/2021 và Nghị định số 83/2014/NĐ-CP ngày 3/9/2014 của Chính phủ về kinh doanh xăng dầu. "
2024-07-22,"Petrolimex nói gì khi chưa ""phổ cập"" bán nhiên liệu Euro 5?","Theo Quyết định 49/2011/QĐ-TTg của Thủ tướng Chính phủ về việc quy định lộ trình áp dụng tiêu chuẩn khí thải đối với xe ôtô, xe môtô hai bánh sản xuất, lắp ráp và nhập khẩu mới, các loại xe ôtô sản xuất, lắp ráp và nhập khẩu mới phải áp dụng tiêu chuẩn khí thải mức 5 (Euro 5) từ 1-1-2022. Riêng một số dòng xe lắp ráp trong nước đã cấp chứng nhận kiểu loại sẽ được gia hạn, mốc cuối cùng áp dụng tiêu chuẩn khí thải Euro 5 là ngày 1-1-2024. Bán dầu diesel 0.001s-V tại một cây xăng dầu của Petrolimex Tuy nhiên, nhiều chủ xe than phiền rằng rất khó để tìm loại nhiên liệu này, tức 2 sản phẩm là xăng RON 95 – V và dầu diesel (DO 0,001 s-V). Trước câu hỏi vì sao hiện nay số lượng trạm bán dầu0,001s-V chiếm tỉ lệ rất nhỏ? đại diện Tập đoàn Xăng dầu Việt Nam (Petrolimex) thông tin với BáoNgười Lao Độngngày 22-7 rằngsố lượng phương tiện được đăng ký và lưu hành trước thời điểm ngày 1-1-2022 trở về trước hiện đang tham gia giao thông chiếm tỉ trọng rất lớn khoảng trên 90% tổng số phương tiện hiện đang lưu hành. Việc tổng số các phương tiện nói trên chiếm tỉ trọng lớn và không bắt buộc phải dùng dầu diesel 0.001s-Vm dẫn đến nhu cầu tiêu dùng của toàn xã hội về mặt hàng này không cao làm cho doanh nghiệp kinh doanh xăng dầu phát sinh nhiều loại chi phí (chi phí vận tải tạo nguồn, chi phí tồn chứa…) làm ảnh hưởng đến kết quả kinh doanh. Mặt khác, mặt hàng diesel 0.001s-V cũng chưa có những chính sách hỗ trợ/khuyến khích người tiêu dùng sử dụng các sản phẩm chất lượng cao góp phần bảo vệ môi trường. Theo Tập đoàn này, hết tháng 6-2024 chỉ có Petrolimex kinh doanh dầu diesel 0.001s-V tại thị trường Việt Nam với 1.500 cửa hàng xăng dầu trên toàn quốc; trong đó có 1.214/2.700 cửa hàng xăng dầu thuộc Petrolimex trực tiếp quản lý. Nói về khó khăn, Petrolimex cho biết tại một số địa bàn, việc kinh doanh còn gặp nhiều khó khăn do: Cửa hàng xa cảng làm phát sinh chi phí vận tải tạo nguồn; nhu cầu tiêu dùng thấp làm phát sinh một số khoản chi phí làm ảnh hưởng tới kết quả kinh doanh. Bên cạnh đó, phải triển khai kinh doanh nhiều mặt hàng, trong khi hệ thống kho bể có hạn; việc cải tạo mở rộng cửa hàng, mở rộng sức chứa, thêm kho bể… không khả thi khi phải thực hiện các thủ tục pháp lý theo quy định của pháp luật. ""Đây là những trở ngại, khó khăn lớn đối vớiPetrolimextrong quá trình triển khai kinh doanh dầu diesel 0.001s-V""- đại diện Petrolimex cho biết. Tuy nhiên, Petrolimex tiếp tục rà soát chính sách để tổ chức kinh doanh sản phẩm có chất lượng cao theo từng vùng thị trường với phương châm ""nhu cầu đến đâu nỗ lực đáp ứng đến đó"", đảm bảo lợi ích hài hòa phục vụ người tiêu dùng và doanh nghiệp. Trước đó, tại họp báo thường kỳ của Bộ Công Thương hồi tháng 6 vừa qua, vấn đề khan hiếm nhiên liệu Euro 5 đã được đặt ra. Thứ trưởng Bộ Công Thương Nguyễn Sinh Nhật Tân cho rằng việc cung ứng nhiên liệu Euro 5 chậm có nhiều lý do. Hiện, Bộ Công Thương đã giao Cục Công nghiệp làm việc với hãng xe như Ford, Toyota... để đặt nhu cầu của xe ôtô. Trong khi đó, Bộ Công Thương cũng đang trao đổi với các nhà cung ứng xăng dầu như Petrolimex suy nghĩ về phương án xử lý vấn đề trên, nhằm đẩy mạnh cung ứng nhiên liệu Euro 5."
2024-05-04,Tổng Công ty cổ phần Bảo hiểm Petrolimex (PJICO) bước vào hành trình chuyển đổi số toàn diện,"Trong năm 2023, lần đầu tiên doanh thu bảo hiểm gốc của PJICO cán mốc 4.000 tỷ, cụ thể là 4.023 tỷ đồng trong tổng doanh thu 4.847 tỷ đồng, hoàn thành vượt mức kế hoạch năm trong bối cảnh thị trường ngành bảo hiểm gặp rất nhiều khó khăn. Tuy nhiên, nhằm tạo sự đột phá và thích ứng với xu thế phát triển chung của thời đại, PJICO đã và đang triển khai nhiều hạng mục lớn về CNTT, trong đó có công tác chuyển đổi số toàn diện giai đoạn 2023 – 2028 với mục tiêu trở thành doanh nghiệp bảo hiểm top đầu Việt Nam hoạt động, vận hành bền vững – an toàn – hiệu quả trên nền tảng số; qua đó nâng cao trải nghiệm khách hàng, đem đến sự gắn kết và tăng cường cơ hội kinh doanh. PJICO và FPT họp Dự án Tư vấn thực hiện chuyển đổi số PJICO giai đoạn 2023-2028 Để đảm bảo cho hành trình chuyển đổi tối ưu và hiệu quả ngay từ bước đầu tiên, PJICO đã chọn FPT Digital là đối tác chiến lược để xây dựng một lộ trình nhanh và đồng bộ, bao gồm 03 trụ cột số cụ thể: Đầu tiên, của PJICO hướng đến việc nâng cao trải nghiệm tương tác khách hàng. Ngoài việc nâng cấp, cải thiện hệ thống website, call center, AI chatbox, PJICO tập trung vào nền tảng dữ liệu khách hàng (CDP) và hệ thống quản lý quan hệ khách hàng (CRM) nhằm củng cố, mang đến những dịch vụ thuận tiện, minh bạch, cũng như những chương trình ưu đãi phù hợp với nhu cầu của các đối tượng khách hàng khác nhau, đặc biệt là các yêu cầu đặc thù của nhóm khách hàng lớn như khối doanh nghiệp FDI và SMEs. Trụ cột số thứ hai PJICO tập trung là việc tối ưu hoạt động kinh doanh khai thác, bồi thường. Chuyển đổi số giúp cải tiến quy trình, nâng cao tính năng người dùng tại tất cả điểm chạm trên các kênh khai thác nhằm đem lại đồng nhất cho các khách hàng doanh nghiệp. Ở góc độ tối ưu vận hành, PJICO sẽ chủ động rà soát phân tích đa chiều dữ liệu kinh doanh, xác định nguyên nhân tăng giảm tỷ trọng từng nghiệp vụ, từng nhóm khách hàng, từ đó đề ra giải pháp tái cơ cấu các sản phẩm chủ lực, tiềm năng để tối đa hóa doanh thu, tối ưu hóa lợi nhuận và nâng cao khả năng cạnh tranh. Trụ cột số cuối cùng là công tác số hoá các hoạt động nội bộ trong PJICO. Việc triển khai văn phòng số (Digital Office) cùng các hệ thống, công cụ hỗ trợ trong công việc không chỉ tiết kiệm thời gian, ngân sách hoạt động mà còn giảm thiểu lượng giấy tờ sử dụng, thể hiện cam kết của PJICO đối với môi trường, nâng cao nhận thức và trách nhiệm của nhân viên đối với việc bảo vệ nguồn tài nguyên thiên nhiên, phù hợp với mục tiêu phát triển bền vững của Tổng Công ty. Đại hội đồng cổ đông thường niên 2024 của PJICO thông qua nhiều nội dung quan trọng Ông Phạm Thanh Hải, Chủ tịch HĐQT PJICO đã đưa ra thông điệp khẳng định sự quyết tâm của PJICO trong triển khai CĐS, phản ánh cam kết mạnh mẽ của Tổng Công ty đối với các mục tiêu phát triển bền vững, tạo dựng một hình ảnh tích cực và trách nhiệm với cộng đồng:""PJICO kỳ vọng CĐS là bước đột phá để PJICO mở rộng không gian phát triển trên nền tảng số, chuyển đổi mô hình kinh doanh tập trung nâng cao trải nghiệm khách hàng, chất lượng dịch vụ, tăng cường công tác quản trị, tối ưu hóa nguồn lực nhằm mục tiêu phát triển an toàn - bền vững - hiệu quả, không ngừng gia tăng lợi ích cho cổ đông, doanh nghiệp và xã hội. Với sự hỗ trợ của FPT Digital, PJICO đã xây dựng được lộ trình CĐS cụ thể cho giai đoạn 2023 - 2028 phù hợp với định hướng phát triển của Tổng Công ty đến năm 2030. Chúng tôi tin tưởng rằng với quyết tâm của toàn hệ thống, PJICO sẽ triển khai đồng bộ và toàn diện các giải pháp, sáng kiến số để đạt được mục tiêu chiến lược CĐS đã đề ra với hiệu quả cao nhất."" Ông Đoàn Hữu Hậu – Giám đốc Tư vấn FPT Digital chia sẻ:""Mục tiêu của chúng tôi là giúp PJICO không chỉ giải quyết vấn đề hiện tại mà còn nắm bắt được cơ hội trong tương lai, đảm bảo luôn giữ vị thế doanh nghiệp top đầu trong ngành bảo hiểm."" Với khối lượng lớn yêu cầu về nội dung công việc đa dạng và phức tạp, công cuộc chuyển đổi số của PJICO đòi hỏi sự quyết tâm cao và hành động quyết liệt trong suốt quá trình của toàn đội ngũ đôi bên sao cho đảm bảo tính thực tế, khả thi và hiệu quả cao. Đây là sự thay đổi tất yếu của Tổng Công ty nhằm tạo ra sự thay đổi về chất để sẵn sàng vượt qua những biến động cũng như sự cạnh tranh quyết liệt từ thị trường, hướng tới một tương lai bền vững và thịnh vượng cho tất cả các bên liên quan."
2024-07-31,"Petrolimex (PLX) báo lãi tăng hơn 40% so với cùng kỳ, cầm hơn 26.700 tỷ tiền mặt và tiền gửi, mỗi ngày thu lãi 2,8 tỷ đồng","Tập đoàn Xăng dầu Việt Nam (Petrolimex, mã: PLX)vừa công bố BCTC hợp nhất quý 2/2024 ghi nhận doanh thu thuần tăng 12% so với cùng kỳ đạt 73.837 tỷ đồng. ﻿Trừ đi giá vốn, lợi nhuận gộp đạt 4.621 tỷ đồng, tăng 18% so với cùng kỳ. Kết quả, Petrolimex ghi nhận lợi nhuận trước thuế đạt 1.503 tỷ đồng, tăng hơn 41% so với cùng kỳ. Lợi nhuận sau thuế đạt 1.275 tỷ, tăng 43% so với cùng kỳ. Lũy kế 6 tháng đầu năm, Petrolimex ghi nhận doanh thu thuần đạt 148.943 tỷ đồng và lợi nhuận sau thuế đạt 2.407 tỷ đồng, lần lượt tăng gần 12% và 54% so với cùng kỳ. Lãi từ tiền gửi, tiền cho vay trong 6 tháng đầu năm hơn 511 tỷ đồng, tương ứng với bình quân 2,8 tỷ/ ngày. Năm 2024, Petrolimex lên chỉ tiêu thận trọng với doanh thu hợp nhất tương ứng 188.000 tỷ đồng, giảm 32% so với thực hiện 2023. Lợi nhuận trước thuế hợp nhất kế hoạch đạt 2.900 tỷ đồng, giảm 26% so với kết quả đạt được năm ngoái. Như vậy chỉ sau 6 tháng đầu năm, doanh nghiệp đã thực hiện được khoảng 79% doanh thu mục tiêu và 101% lợi nhuận trước thuế mục tiêu. Tại thời điểm 30/6/2024, tổng tài sản của Petrolimex đạt 73.967 tỷ đồng, giảm 7% so với đầu năm. Lượng tiền mặt, tương đương tiền và tiền gửi ngân hàng khoảng 26.762 tỷ đồng, giảm 3.777 tỷ đồng so với hồi đầu năm. Phía bên kia bảng cân đối, tổng nợ phải trả ở mức 45.519 tỷ đồng, giảm gần 10% so với đầu năm, tổng nợ vay ở mức 17.715 tỷ đồng. Vốn chủ sở hữu đạt 28.447 tỷ đồng. Gần đây, Bộ Công Thương đã công bố bản dự thảo Nghị định lần 3 về kinh doanh xăng dầu, dự kiến sẽ thay thế Nghị định 83/2014, Nghị định 95/2021 và Nghị định 80/2023. Dự thảo có một số điểm khác so với bản dự thảo lần 2 được công bố hồi tháng 4/2024. Theo tổng hợp của CTCK Vietcap, dự thảo lần 3 vẫn duy trì mục tiêu của dự thảo lần 2 là: (1) Cho phép các thương nhân phân phối xăng dầu tự định giá bán lẻ xăng dầu trong phạm vi giá trần do Chính phủ quy định và (2) Giảm số khâu trung gian. Những thay đổi đáng kể so với dự thảo lần 2 là theo dự thảo lần 3, chi phí kinh doanh định mức sẽ được điều chỉnh hàng năm dựa trên Chỉ số giá tiêu dùng (CPI) bởi Bộ Công thương và Bộ Tài chính. Các thương nhân đầu mối/phân phối xăng dầu sẽ ấn định giá bán lẻ dựa trên chi phí tạo nguồn (chi phí đầu vào) và các khoản liên quan cộng với chi phí kinh doanh định mức và lợi nhuận định mức, miễn là thấp hơn giá trần. Điều này khác với dự thảo lần 2, vốn cho phép các thương nhân đầu mối/phân phối xăng dầu xác định tổng chi phí kinh doanh và lợi nhuận định mức (dao động từ 1.800 đồng-2.500 đồng) để tính giá bán lẻ. Điểm khác biệt thứ 2 là ấn định số ngày tồn kho là 20 ngày, so với 30 ngày trong dự thảo lần 2. Đồng thời, ấn định chu kỳ điều chỉnh giá xăng dầu là 7 ngày, so với 7 hoặc 15 ngày trong dự thảo lần 2. Theo Vietcap, dự thảo lần 3 sẽ có tác động tương tự hoặc tích cực hơn một chút đối với các thương nhân phân phối xăng dầu so với dự thảo lần 2, vì dự thảo này phản ánh chi phí kinh doanh thực tế của các nhà phân phối xăng dầu tốt hơn. Tác động tích cực của việc giảm số ngày tồn kho từ 30 xuống 20 ngày và giảm chu kỳ điều chỉnh giá xăng dầu từ 7 - 15 ngày xuống 7 ngày sẽ bù đắp cho tác động tiêu cực nhẹ từ việc thay đổi cách tính giá bán lẻ. Ngoài ra, một trọng điểm khác tại dự thảo lần 3 là cho phép thương nhân đầu mối kinh doanh nhiên liệu hàng không đàm phán giá nhiên liệu máy bay với khách hàng dựa trên cơ chế thị trường, điều mà Vietcap cho rằng sẽ hỗ trợ cho mảng kinh doanh nhiên liệu máy bay của Petrolimex (PLX) trong dài hạn. Trên thị trường chứng khoán, kết phiên giao dịch ngày 30/7, cổ phiếu PLX đang có giá 47.100 đồng/cp, tăng khoảng 39% kể từ đầu năm. "
2024-11-02,"Các “sếu đầu đàn” PVN, Petrolimex, Vitas, Sữa TH… đang dẫn dắt nền kinh tế ESG Việt Nam","Việt Nam là quốc gia đầu tiên trên thế giới được IIA công nhận là Viện Kiểm toán viên nội bộ độc lập chỉ sau 2 năm “IIA Việt Nam là quốc gia đầu tiên trên thế giới được IIA quốc tế công nhận là Viện Kiểm toán viên nội bộ độc lập chỉ sau 2 năm thành lập. Đặcbiệt, nếu tất cả các nước khác phải mất3 nămđể được đánh giá, thìIIA Vietnam chỉmất 22 thángđể được công nhận là Viện Kiểm toán viên nội bộ độc lập”,chia sẻ đáng chú ý tại Hội nghị Kiểm toán Nội bộ thường niên 2024. Được biết, Việt Nam gia nhập mạng lưới kiểm toán nội bộ quốc tế IIA Global từ năm 2022. IIA là tổ chức Kiểm toán Nội bộ đi đầu về chuẩn mực, chứng chỉ, đào tạo, nghiên cứu và hướng dẫn chuyên môn nghiệp vụ toàn cầu. Năm 2024, các doanh nghiệp niêm yết Việt Nam đã có sự tiến triển vượt bậc trong nhận thức cũng như chuyển đổi sang phát triển bền vững. So với các năm trước đó, khảo sát của IIA Việt Nam năm 2022 cho thấy doanh nghiệp Việt Nam chưa nhận thức đủ về ESG, thậm chí đang thực hiện kiểm toán nội bộ cho chủ đề ESG ở mức độ khác nhau. Báo cáo năm 2023, nhận thức đã được nâng lên song việc triển khai ESG trong kiểm toán nội bộ vẫn còn nhiều vướng mắc. Dù rằng, từ năm 2023 hầu hết các doanh nghiệp đều có quy chế/quyết định thành lập hoặc tổ chức hoạt động kiểm toán nội bộ. Đối tượng tham gia khảo sát là doanh nghiệp niêm yết trên 2 sàn chứng khoán Tp.HCM và Hà Nội, doanh nghiệp có vốn nhà nước trên 50% là công ty hoạt động theo mô hình công ty mẹ con, doanh nghiệp nhà nước là công ty hoạt động theo mô hình công ty mẹ – con. ﻿Các “sếu đầu đàn” PVN, Petrolimex, Vitas, Sữa TH… đang dẫn dắt nền kinh tế ESG Việt Nam Thực tế, ghi nhận từ Green Media Hub, nhiều doanh nghiệp niêm yết, doanh nghiệp lớn đã và đang đồng hành thúc đẩy ESG – chỉ số cực quan trọng trong nền kinh tế mới, quyết định việc giao thương với nước ngoài cũng như thu hút dòng vốn đầu tư vào Việt Nam. Trong đó, với vai trò “cánh chim đầu đàn”,Petrovietnam (PVN)cho biết đề mục tiêu đạt tỷ lệ nguồn năng lượng tái tạo trong tổng cung năng lượng sơ cấp đạt 15 - 20%vào năm 2030 và 25 - 30% vào năm 2045. Song song, PVN cũng nỗ lực giảm phát thải khí nhà kính từ hoạt động năng lượng đạt 15% năm 2030 và 20% năm 2045; nâng cao năng lực nhập khẩu LNG lên 8 tỷ m3/năm 2030 và 15 tỷ m3/năm 2045... Để thực hiện được các mục tiêu này, PVN được biết đã và đang xây dựng chiến lược tổng thể phát triển bền vững đến năm 2045, trong đó chú trọng vào đổi mới công nghệ và chuyển dịch năng lượng. Tập đoàn cũng định hướng giai đoạn 2025 - 2030 sẽ triển khai thí điểm các dự án sản xuất hydrogen “sạch”; đến năm 2030 – 2045 chính thức sản xuất thương mại hydrogen “sạch” sử dụng cho các nhà máy lọc dầu, nhà máy đạm. Hiện, các nhà máy lọc dầu Dung Quất và Nghi Sơn đang xây dựng kế hoạch nghiên cứu dài hạn về hydrogen. Hai nhà máy Đạm Phú Mỹ và Đạm Cà Mau cũng có kế hoạch thử nghiệm sử dụng hydrogen xanh thay thế một phần sản xuất amoniac. Là đơn vị đầu mối kinh doanh xăng dầu chiếm thị phần lớn nhất cả nước,Petrolimex (PLX)cho biết là đơn vị tiên phong hoàn thành thay thế toàn bộ sản phẩm xăng RON 92 bằng xăng sinh học E5 từ tháng 1/2022. Công ty đề mục tiêu đạt 50% doanh thu từ sản phẩm nhiên liệu và năng lượng sạch, thân thiện với môi trường vào năm 2030, đến năm 2045 sẽ đạt 100% tỷ trọng năng lượng sạch và thân thiện với môi trường. Ảnh: Các nhà máy lọc dầu Dung Quất và Nghi Sơn đang xây dựng kế hoạch nghiên cứu dài hạn về hydrogen. Ở nhóm dệt may, ông Nguyễn Văn Tuấn - Giám đốc Trung tâm hỗ trợ doanh nghiệp của Hiệp hội Dệt may Việt Nam (VITAS) – chia sẻ với Green Media Hub:“Thực tế, doanh nghiệp dệt may Việt Nam đã thực hiện chuyển đổi xanh từ năm 2018 từ định hướng phát triển của Chính phủ cũng như từ việc đáp ứng yêu cầu của các nước nhập khẩu thông qua các Hiệp định thương mại tự do (FTA) thế hệ mới”. Trong đó, doanh nghiệp dệt may Việt Nam đã áp dụng chứng chỉ LEED (Leadership in Energy & Environment Design); gần 1.000 đơn vị cũng đã áp dụng Higg FEM - Facility Environmental Module (Mô-đun Môi trường Cơ sở Higg) được xây dựng bởi Liên minh May mặc Bền vững (SAC) tiếp nối là Cascale;Việt Nam hiện là quốc gia có thứ hạng cao thứ hai về điểm trung bình quốc gia v-Higg FEM (Higg FEM 2022) đứng sau Trung Quốc và trước Bangladesh. Vị này nhấn mạnh, những kết quả mà ngành dệt may Việt Nam đã đạt được trong những năm gần đây về kim ngạch xuất khẩu với sự tăng trưởng đáng ghi nhận (8-10%/năm) đã chứng minh được chiến lược phát triển đúng đắn. Tuy nhiên, ông Tuấn cũng cho biết hiện doanh nghiệp vẫn chưa thực hiện việc đánh giá và công nhận chứng chỉ này do chi phí cao (chiếm 10-15% chi phí). Tại nhóm sản xuất, đại diệnHeineken Việt Namđặt mục tiêu năm 2030 là giảm phát thải về 0 (Net Zero) trong phạm vi sản xuất trực tiếp. Cụ thể là các hoạt động như sản xuất, xử lý chất thải, và quản lý năng lượng nội bộ. Bà Trần Ngọc Ánh, Giám đốc Ngoại vụ cấp cao Heineken Việt Nam cho biết Công ty đang tiên phong sử dụng 99% năng lượng tái tạo trong sản xuất đồng thời hoàn thành chỉ tiêu nấu bia bằng nhiệt năng sinh khối tại toàn bộ 5 nhà máy bia trên toàn quốc. Trong khi chờ các giải pháp về năng lượng tái tạo, Heineken Việt Nam đã mua các Chứng chỉ thuộc tính năng lượng (EAC) cho 100% lượng điện năng tiêu thụ tại 6 nhà máy. Toàn bộ 5 nhà máy Heineken Việt Nam áp dụng mô hình kinh tế tuần hoàn ""tái sử dụng - chia sẻ - sửa chữa"", không còn rác thải chôn lấp từ năm 2021, sớm hơn 4 năm so với dự kiến ban đầu. Tương tự,ông Arghya Mandal - Tổng Giám đốc CTCP Sữa TH -cũng chia sẻ TH đã sớm triển nhà máy xanh ở Việt Nam, từ năm 2020 đã sử dụng năng lượng tái tạo. Ông Mandal cho rằng để đạt được mục tiêu Net Zero carbon với nền kinh tế phát thải thấp, phát triển bền vững thì hoạt động của các doanh nghiệp và các nhà sản xuất đóng vai trò quan trọng trong việc phát triển nhà máy xanh và thực hiện trách nhiệm của nhà sản xuất (EPR)... Ảnh: TH đã sớm triển nhà máy xanh ở Việt Nam, từ năm 2020 đã sử dụng năng lượng tái tạo. Với nhóm doanh nghiệp gỗ,ông Nguyễn Chánh Phương - Phó Chủ tịch Hội Mỹ nghệ và Chế biến gỗ Tp.HCM (Hawa)cho biết hoạt động xuất khẩu là chủ yếu, nên nhận thức về chuyển đổi xanh của ngành gỗ phải được đề cao từ sớm. Bởi, thị trường thế giới chuyển dịch rất nhanh về hướng xanh yêu cầu doanh nghiệp chuyển đổi mô hình kinh doanh và sản phẩm, tiêu chuẩn sản phẩm đáp ứng nhu cầu thị trường. Thách thức lớn nhất không chỉ ở tiêu chuẩn mà là khả năng sáng tạo, tự chủ thiết kế để gia tăng tính cạnh tranh. Dù vậy, tương tự dệt may, vấn đề lớn nhất là vốn, đặc biệt trong quá trình sản xuất. Bởi, để chuyển đổi xanh đòi hỏi doanh nghiệp đầu tư vào cơ sở hạ tầng, đổi mới thiết bị, tiết giảm phát thải. Song song, chuỗi cung ứng gỗ cũng là thách thức không nhỏ với doanh nghiệp hiện nay. Tựu chung, ESG là một trong những con đường bắt buột toàn nền kinh tế phải đi qua. PGS.TS Nguyễn Đình Thọ, Viện trưởng Viện Chính sách Bộ TN&MT cho biết tại COP26 năm 2021, Thủ tướng Chính phủ đã đưa ra cam kết rất mạnh mẽ là Việt Nam sẽ đạt phát thải ròng bằng 0 vào năm 2050. Vị này cũng chia sẻ một điều đáng mừng làViệt Nam đang cải thiện về kinh tế xanh với tốc độ nhanh so với trên thế giới, khoảng 12-14%/năm.Tuy vậy quy mô nền kinh xanh đang còn nhỏ, năm 2020 chỉ ở mức 2%, cho đến bây giờ 4-4,5%..."
2024-09-11,Petrolimex ủng hộ 12 tỷ đồng để khắc phục thiệt hại mưa lũ sau bão Yagi," Sáng ngày 11.9.2024, Đảng ủy, Hội đồng Quản trị, Ban Tổng giám đốc và Công đoàn Xăng dầu Việt Nam tổ chức cuộc vận động, kêu gọi người lao độngPetrolimexhưởng ứng quyên góp ủng hộ với tinh thần cao nhất, góp phần giảm bớt khó khăn và tiếp thêm sức mạnh giúp đồng bào, nhân dân ở các tỉnh phía Bắc bị thiệt hại nặng nề do cơn bão Yagi và mưa lũ gây ra. Số tiền quyên góp, ủng hộ sẽ tiếp tục được gửi đến các cá nhân, tổ chức và địa phương bị ảnh hưởng. Ban Lãnh đạo Petrolimex ủng hộ tại văn phòng Tập đoàn Chiều ngày 10.9.2024, Petrolimex hưởng ứng lời kêu gọi của Ủy ban Trung ương Mặt trận Tổ quốc Việt Nam bằng việc ủng hộ 5 tỷ đồng vào quỹ quyên góp ủng hộ đồng bào bị thiệt hại do bão Yagi. Phó Tổng Giám đốc Petrolimex Nguyễn Đình Dương trao 5 tỷ đồng trong lễ phát động tại Hà Nội Cùng ngày, tại Yên Bái, đại diện Petrolimex đã trao 2 tỷ đồng tới Ban Vận động cứu trợ tỉnh Yên Bái nhằm giúp đỡ địa phương khắc phục hậu quả thiên tai. Phó Tổng Giám đốc Petrolimex Nguyễn Sỹ Cường trao 2 tỷ đồng ủng hộ tại tỉnh Yên Bái Cũng trong chương trình hỗ trợ, Petrolimex dành ngân sách 3 tỷ đồng ủng hộ đồng bào tỉnh Sơn La và 2 tỷ đồng ủng hộ đồng bào tỉnh Cao Bằng. Petrolimex cho biết, Đảng ủy khối Doanh nghiệp Trung ương, Ủy ban QLVNN tại Doanh nghiệp, Bộ Công thương, Bộ Giao thông Vận tải (Cục Hàng hải Việt Nam, Cảng vụ Hàng hải Quảng Ninh) đã chỉ đạo kịp thời và sự phối hợp của Tập đoàn Điện lực Việt Nam, Điện lực Quảng Ninh, các bên liên quan... nên các khó khăn được tháo gỡ, đảm bảo nguồn cung xăng dầu kịp thời phục vụ nhu cầu tiêu dùng của người dân trong thiên tai."
2024-02-10,"Không doanh nghiệp nào trên sàn chứng khoán kiếm tiền theo phút bằng chương trình Táo Quân: Petrolimex, Thế Giới Di Động, Vingroup, Hòa Phát, FPT,… cũng phải “chào thua”"," Đến hẹn lại lên, cứ vào tối 30 Tết, chương trình Táo quân lại trở thành món ăn tinh thần không thể thiếu bên mâm cơm tất niên của các gia đình. Là một trong những chương trình truyền hình thu hút được sự quan tâm bậc nhất của khán giả cả nước vào mỗi dịp Tết Nguyên Đán, chi phí để các nhãn hiệu được quảng cáo trong chương trình đương nhiên không hề rẻ. Theo bảng báo giá của Trung tâm quảng cáo và Dịch vụ truyền hình (TVAd) thuộc Đài Truyền hình Việt Nam, chi phí quảng cáo trong chương trình Táo Quân 2024 (Giao thừa Tết Giáp Thìn) tính theo thời lượng được ấn định lần lượt: 10 giây giá 322 triệu đồng; 15 giây giá 378 triệu đồng; 20 giây giá 484 triệu đồng; 30 giây giá 645 triệu đồng. Như vậy, nếu thương hiệu nào muốn xuất hiện khoảng 1 phút trong chương trình Táo quân 2024 sẽ phải chi ít nhất khoảng 1,2 tỷ đồng (Mức giá chưa bao gồm thuế GTGT). Con số này vượt trội hoàn toàn so với khả năng kiếm tiền theo phút của các doanh nghiệp hàng đầu trên sàn chứng khoán.  Theo thống kê, toàn sàn chứng khoán Việt Nam có hơn 20 doanh nghiệp (không tính nhóm tài chính) ghi nhận doanh thu năm 2023 trên 1 tỷ USD (~24.000 tỷ đồng). Quán quân vẫn thuộc về cái tên quen thuộcPetrolimexvới doanh thu thuần hơn 274.000 tỷ đồng, tương đương khoảng522 triệu đồng/phút. Với hệ thống lên đến 5.500 cửa hàng xăng dầu trên toàn quốc,Petrolimexlà nhà phân phối và bán lẻ xăng dầu số 1 Việt Nam chiếm khoảng 50% thị phần nội địa. Xếp thứ 2 về thị phần kinh doanh xăng dầu trong nước (18%),PV Oilvới 762 cửa hàng trực thuộc tạo ra gần 103.000 tỷ đồng doanh thu trong năm 2023, tương đương khoảng195 triệu đồng/phút. Như vậy, tính theo phút, cả 2 nhà bán lẻ xăng dầu lớn nhất cả nước cộng lại vẫn phải ""chào thua"" khả năng kiếm tiền từ quảng cáo của chương trình Táo Quân. Cùng ngành dầu khí, 2 ""gã khổng lồ"" Lọc hoá dầu Bình Sơn (BSR)và PV Gas cũng kiếm tiền theo phút không bằng chương trình Táo Quân. Quản lý Nhà máy lọc dầu Dung Quất, chiếm khoảng một phần ba thị phần cung ứng xăng dầu cả nước,BSRghi nhận doanh thu hơn 147.000 tỷ đồng năm 2023, tương đương khoảng280 triệu đồng/phút. Trong khi đó,PV Gasđạt gần 90.000 tỷ đồng doanh thu trong năm ngoái, tương đương khoảng171 triệu đồng/phút. PV Gas hiện là doanh nghiệp có vốn hóa lớn nhất ngành dầu khí trên sàn chứng khoán. Tổng công ty là đơn vị đáp ứng nguồn nguyên, nhiên liệu đầu vào để sản xuất gần 11% sản lượng điện, 70% nhu cầu đạm cả nước và chiếm lĩnh khoảng 65 - 70% thị phần LPG toàn quốc. Thế Giới Di Độngvới hệ thống cửa hàng ""khổng lồ"" kinh doanh đủ thứ từ điện thoại, điện máy đến rau, thịt, cá,… cũng không thể kiếm tiền giỏi như chương trình Táo Quân nếu tính theo phút. Năm 2023, doanh nghiệp này ghi nhận doanh thu đạt hơn 118.000 tỷ đồng, tương đương khoảng225 triệu đồng/phút. Tính đến cuối năm 2023, Thế Giới Di Động có 1.078 cửa hàng TGDĐ (cả Topzone), 2.190 cửa hàng ĐMX, 1.698 cửa hàng BHX, 527 nhà thuốc An Khang, 64 cửa hàng AVA Kids và 38 cửa hàng Erablue. Phục vụ hàng triệu lượt khách mỗi năm nhưng khả năng kiếm tiền theo phút của bộ đôi doanh nghiệp hàng không Vietnam Airlines và Vietjet Air cũng không thể so sánh với chương trình Táo Quân. Trong năm 2023,Vietnam Airlinesđạt doanh thu 91.500 tỷ đồng, tương đương174 triệu đồng/phút. Con số này vớiVietjet Airlà 62.500 tỷ đồng(~119 triệu đồng/phút). Công ty công nghệ hàng đầu Việt Nam làFPTvới hàng nghìn kỹ sư, đạt doanh thu kỷ lục năm 2023 cũng mới tạo ra 52.600 tỷ đồng trong năm 2023, tương đương khoảng100 triệu đồng/phút. Các tập đoàn tư nhân hàng đầu Việt Nam nhưVingoup/Vinhomes,Hòa Phát,Masan,… kiếm tiền theo phút giỏi hơn nhưng vẫn còn rất khiêm tốn nếu so với chương trình Táo Quân. Nhìn chung, 2023 là một năm kiếm tiền không dễ dàng với các doanh nghiệp. Nhiều ""đại gia"" trên sàn chứng khoán ghi nhận doanh thu sụt giảm so với năm 2022 trước đó. Tuy nhiên, vẫn có một số doanh nghiệp tăng trưởng mạnh doanh thu trong năm qua, nhưVingroup/Vinhomes hay bộ đôi Vietnam Airlines và Vietjet Air.  Cần phải lưu ý rằng, hoạt động của các doanh nghiệp kể trên đều diễn ra liên tục còn chương trình Táo Quân chỉ diễn ra mỗi năm một lần trong vài giờ đồng hồ. Thực tế là mọi sự so sánh đều khập khiễng nhưng không thể phủ nhận con số 1,2 tỷ đồng/phút cũng là mơ ước của các ""cỗ máy"" kiếm tiền trên sàn chứng khoán."
2024-08-14,"Cổ phiếu PLX lên đỉnh 28 tháng, vốn hóa Petrolimex vượt nhiều ngân hàng","Thị trường chứng khoán “dập dìu” dưới 1.300 điểm nhưng vẫn có những điểm sáng trong nhóm Bluechips, điển hình nhưcổ phiếu PLXcủa Tập đoàn Xăng dầu Việt Nam (Petrolimex). Từ đáy ngắn hạn hồi giữa tháng 4 đến nay, cổ phiếu này đã tăng gần 50% và hiện đang dừng ở mức 49.200 đồng/cp, cao nhất trong vòng 28 tháng. Vốn hóa thị trường cũng theo đó tăng khoảng 20.000 tỷ sau chưa đầy 4 tháng, lên hơn 62.500 tỷ đồng. Con số này đưa Petrolimex vượt qua nhiều ngân hàng như Sacombank (STB), SeABank (SSB), VIB,…  Với mạng lưới phân phối hơn 5.500 trạm bán lẻ và các đại lý trên toàn quốc, Petrolimex hiện đang là nhà cung cấp các sản phẩm xăng dầu lớn nhất trên thị trường nội địa, chiếm 50% thị phần sản lượng trong nước. Đáng chú ý, doanh nghiệp này còn là quán quân sàn chứng khoán về doanh thu với hàng trăm nghìn tỷ mỗi năm. 6 tháng đầu năm, doanh thu của Petrolimex đạt trên 148.943 tỷ đồng, tăng 11,8% so với cùng kỳ 2023. Lợi nhuận trước thuế đạt 2.994 tỷ đồng, tăng gấp 1,6 lần so với cùng kỳ năm trước. Với kết quả đạt được, Petrolimex đã thực hiện khoảng 79% kế hoạch doanh thu và hoàn thành vượt chỉ tiêu lợi nhuận cả năm đề ra.  Trong báo cáo mới đây, Chứng khoán DSC tiếp tục giữ mức dự phóng lợi nhuận 2024 của Petrlomiex tăng 29% dù doanh thu có thể giảm nhẹ so với năm trước. Theo DSC, biên độ biến động giá xăng dầu trong năm 2024 sẽ không cao và các nghị định liên quan đến ổn định giá và nguồn cung xăng dầu sẽ hỗ trợ cho các doanh nghiệp tại khâu hạ nguồn dầu khí. Giá dầu thô cũng như xăng dầu thế giới ít biến động mạnh, tạo điều kiện cho Petrolimex quản lý tốt hàng tồn kho. Từ đầu năm tới nay, Petrolimex không phải gia tăng các khoản dự phòng liên quan tới hàng tồn kho, đồng thời số ngày tồn kho bình quân cũng thấp hơn tương đối so với trung bình các năm trước đó. DSC cho rằng khả năng quản lý hàng tồn kho cũng như giá vốn của Petrolimex sẽ tiếp tục phát huy trong 6 tháng cuối năm nhờ các điểm mới trong Nghị định kinh doanh xăng dầu, cũng như giá xăng dầu thế giới sẽ tiếp tục ổn định. CTCK này cũng đánh giá cao việc Petrolimex tương đối linh hoạt trong khả năng tìm kiếm các nguồn cung thay thế. Bên cạnh đó, Dự thảo sửa đổi Nghị định 95/NĐ-P và Nghị định 83/NĐ-P lần 2 được Bộ Công Thương trình lên Chính Phủ vào tháng 7 tiếp tục tập trung vào hỗ trợ hoạt động kinh doanh xăng dầu tại khu vực hạ nguồn. Các nghị định mới dự kiến sẽ được ban hành rộng rãi vào quý 3/2024 với các điểm nhấn đáng chú ý như: (1) Quy định 7 ngày sẽ công bố giá thế giới bình quân để đầu mối được cộng các khoản chi phí liên quan, từ đó công bố giá bán ra thị trường. (2) Xác định chi phí vận hành và lợi nhuận trên mỗi lít xăng theo Phương pháp cố định (1800 - 2500 VND/lít tùy sản phẩm) hoặc theo Mức linh hoạt (dựa trên tỷ lệ phần trăm liên quan đến giá quốc tế). (3) Hạn chế phân phối các khâu phân phối trung gian, tập trung vào các đầu mối lớn nhằm hạn chế chi phí phát sinh. DSC cho rằng điểm (1) và (2) đem lại những ảnh hưởng tích cực chung cho các doanh nghiệp kinh doanh xăng dầu. Song, điểm (3) sẽ đem lại lợi thế cho các nhà phân phối lớn, đặc biệt là Petrlimex, nhờ cắt giảm các bước trung gian và các chi phí phát sinh, trong khi các nhà phân phối nhỏ sẽ gặp bất lợi do giảm khả năng thương lượng."
2024-04-01,"Xuất nhập khẩu Petrolimex (PIT) sẽ đóng cửa hẳn cửa hàng xăng dầu cuối cùng, tập trung đẩy mạnh ngành gia vị","CTCP Xuất nhập khẩu Petrolimex (PITCO, mã chứng khoán PIT) vừa công bố báo cáo thường niên năm 2023 với thông tin chú ý sẽ đóng cửa mảng kinh doanh xăng dầu và đẩy mạnh mảng gia vị. Cụ thể, nhận định năm 2023, PIT cho biết nhu cầu thế giới sụt giảm mạnh đồng thời chi phí vận chuyển quốc tế tăng cao do bất ổn chính trị thế giới. Kết quả, doanh thu của Công ty chỉ đạt 709 tỷ đồng, thực hiện 89% kế hoạch đề ra và giảm hơn 10% so với kết quả của năm 2022. Khấu trừ chi phí, Công ty lỗ gần 9 tỷ đồng, trong khi năm ngoái lãi 3,2 tỷ đồng. Nguyên nhân chủ yếu theo PIT do trích lập khoản dự phòng nợ phải thu khó đòi nhóm Công ty Đông Á 10,5 tỷ đồng phát sinh từ những năm trước theo đề nghị của Ban kiểm soát và kiểm toán viên độc lập. Hiện, PIT có các ngành hàng kinh doanh gồm: ngành hàng gia vị hạt tiêu, gia vị cao cấp (chiết rót), mặt hàng xăng dầu, sơn Petrolimex. Vớimảng xăng dầu,PIT chỉ có một cửa hàng xăng dầu tại Bình Thuận. Tuy nhiên, kể từ khi đường cao tốc Dầu Giây - Phan Thiết được đưa vào khai thác từ ngày 30/4/2023 và không thu phí, lượng lớn xe đã không đi qua cửa hàng. Việc này dẫn đến sản lượng của cây xăng sụt giảm mạnh khoảng 70% so với thời điểm trước đó. Ngoài ra, khách hàng bán buôn truyền thống của Pitco đang làm tại sân bay Long Thành cũng giảm sản lượng do khối lượng thi công giảm dần. Dự kiến trong quý 1/2024,PIT sẽ đóng ngành hàng xăng dầu để tập trung nguồn nhân lực trong việc phát triển ngành hàng gia vị cao cấp ở thị trường nội địa. Năm 2024, Công ty nhận định kinh tế Việt Nam sẽ lấy lại đà tăng trưởng cao do nhu cầu thế giới tăng. Tuy nhiên, vẫn còn đó những bất ổn về chính trị - xã hội trên thế giới bởi các cuộc xung đột chưa có dấu hiệu chấm dứt. Trong khi PI là doanh nghiệp chủ yếu xuất khẩu cũng gặp rất nhiều rủi ro. Theo đó, PIT lên kế hoạch thận trọng với doanh thu 781 tỷ đồng, tổng lợi nhuận hợp nhất trước thuế đạt 4 tỷ đồng, tổng lợi nhuận hợp nhất sau thuế đạt 3,2 tỷ đồng. Vớilĩnh vực xuất khẩu hồ tiêu và gia vị khác,Công ty cho biết sẽ tiếp tục duy trì sản lượng với khách hàng truyền thống và tìm kiếm thêm nguồn khách hàn mới và thị trường tiềm năng mới thông qua việc đẩy mạnh tham gia các hội chợ quốc tế. Vớilĩnh vực sản xuất xuất khẩu gia vị cao cấp,duy trì ổn định sản lượng và chất lượng, tìm kiếm thêm nhà cung ứng mới, tiết giảm chi phí gia tăng hiệu quả và đẩy mạnh thêm thị trường tiêu thụ nội địa. Đặc biệt,Công ty sẽ nghiên cứu phát triển thêm một số sản phẩm gia vị cao cấp mớiphù hợp năng lực sản xuất tại nhà máy gia vị Tân Uyên. Đồng thời nghiên cứu đầu tư thêm dây chuyền để tăng năng lực sản xuất tại nhà máy Tân Uyên. Cuối cùng,đối với lĩnh vực kinh doanh sơn,dự báo thị trường bất động sản 2024 vẫn ảm đảm khiến ngành hàng sơn gặp nhiều khó khăn, PIT sẽ đẩy mạnh việc tiết giảm chi phí trung gian như thuê kho trung chuyển, nhân sự mảng nội địa, thúc đẩy hợp tác gia công xuất khẩu với đối tác trong và ngoài nước để vận hành tối đa công suất nhà máy sơn.Dự kiến trong năm 2024 ngành sơn có lợi nhuận. Trên thị trường chứng khoán, đóng cửa phiên giao dịch ngày 29/3 cổ phiếu PIT của công ty đạt thị giá 6.700 đồng/cổ phiếu. "
2024-03-11,"'Ông trùm xăng dầu' Petrolimex đón cùng lúc thiên thời lẫn địa lợi, sẽ đại thắng năm 2024?","Bộ phận nghiên cứu của Công ty chứng khoán SSI (SSI Research) vừa có báo cáo cập nhật hoạt động kinh doanh của Tập đoàn Xăng dầu Việt Nam (Petrolimex). SSI Research kỳ vọng Petrolimex sẽ có cơ hội giành thêm thị phần, nhờ việc kiểm soát chặt chẽ hơn hoạt động của các nhà phân phối xăng dầu.﻿ Thứ nhất, Hải Hà Petro và Xuyên Việt Oil là những nhà phân phối xăng dầu lớn với tổng doanh thu khoảng 40.000 tỷ đồng trong năm 2022 đã bị thu hồi giấy phép và dừng việc thông quan xăng dầu do không đủ điều kiện làm thương nhân đầu mối xăng dầu và có các vi phạm liên quan đến nợ thuế, hay sử dụng sai quỹ bình ổn giá xăng dầu.﻿ Thứ hai, Petrolimex cũng có thể được hưởng lợi từ việc Chính phủ yêu cầu các đại lý bán lẻ phát hành hóa đơn điện tử cho từng giao dịch nhằm tăng cường tính minh bạch trong ngành xăng dầu Việt Nam. Hiện tại theo ước tính mới chỉ có khoảng 36% trong số 17.000 đơn vị bán lẻ trong nước phát hành hóa đơn điện tử vào đầu tháng 2. Các cửa hàng xăng dầu không phát hành hóa đơn điện tử có thể đối mặt với nguy cơ bị thu hồi giấy phép hoạt động. Trong khi đó,Petrolimexlà đơn vị tiên phong phát hành hóa đơn điện tử và đã triển khai hệ thống này tại 2.700 điểm bán lẻ của doanh nghiệp từ giữa năm 2023. Do đó, quy định mới có thể giúp Petrolimex giành được thị phần trong thời gian tới. SSI Research duy trì dự báo lợi nhuận trước thuế năm 2024 của Petrolimex đạt 4.400 tỷ đồng, tương đương mức tăng trưởng 12% so với cùng kỳ. SSI Research giả định sản lượng tiêu thụ xăng dầu sẽ tăng 4,1% đạt 10,8 triệu m3/tấn, trong đó sản lượng bán lẻ có thể tăng 4,5% so với cùng kỳ đạt 7,3 triệu m3. Công ty duy trì kế hoạch mở khoảng 60-80 trạm bán lẻ xăng dầu mới vào năm 2024, tương đương khoảng 2-3% số lượng cửa hàng hiện tại. Lợi nhuận trước thuế trong Q1/2024 có thể tăng hơn 15% so với cùng kỳ nhờ giá dầu phục hồi trong vòng 2 tháng qua.﻿  Trước đó, trong năm 2023 Petrolimex đạt doanh thu thuần 274 nghìn tỷ đồng và lợi nhuận sau thuế 3.052 tỷ đồng. Doanh thu giảm gần 10% nhưng lợi nhuận lại tăng 60%. Petrolimex cho biết, năm qua thị trường cạnh tranh ngày càng quyết liệt, đặc biệt là kênh bán hàng qua trung gian. Trong khi đó, tình trạng vi phạm thương hiệu, hàng không rõ nguồn gốc, kém chất lượng dẫn đến hoạt động cạnh tranh không lành mạnh. "
2024-08-07,"Hai nhà bán lẻ xăng dầu lớn nhất Việt Nam Petrolimex và PV Oil: Bình quân mỗi ngày thu gần 1.200 tỷ, cổ phiếu cùng tăng phi mã dù lợi nhuận trái chiều","Theo ước tính, Việt Nam hiện có hơn 17.000 cửa hàng bán lẻ xăng dầu, cung cấp hàng chục triệu tấn sản phẩm cho người tiêu dùng mỗi năm. Khoảng gần 70% thị phần xăng dầu dựa trên doanh thu nội địa hiện nằm trong tay ""bộ đôi"" Petrolimex và PV Oil. Vì thế, không bất ngờ khi doanh thu của hai nhà bán lẻ xăng dầu này lại nằm trong top khủng nhất sàn chứng khoán. Quý 2 vừa qua, tổng doanh thu của Petrolimex và PV Oil lên đến gần 109.000 tỷ đồng, tăng hơn 23% so với cùng kỳ 2023 và là mức cao nhất trong vòng 2 năm trở lại đây. Bình quân mỗi ngày hai nhà bán lẻ xăng dầu này thu về gần1.200 tỷ đồng. Con số này chỉ thấp hơn đôi chút so với mức kỷ lục đạt được hồi quý 2/2022.  Trong đó, Petrolimex ghi nhận doanh thu quý 2 đạt gần 73.800 tỷ đồng, tăng 12% so với cùng kỳ 2023 nhưng thấp hơn so với quý đầu năm. Trong khi đó, PV Oil ghi nhận doanh thu theo quý cao thứ 2 lịch sử với 34.800 tỷ đồng, tăng 55% so với cùng kỳ và cao hơn 17% so với quý đầu năm nay. Doanh thu đều tăng mạnh so với cùng kỳ nhưng lợi nhuận của hai nhà bán lẻ xăng dầu này lại biến động trái chiều. Lợi nhuận sau thuế quý 2 của Petrolimex tăng gần 43% so với cùng kỳ 2023, đạt hơn 1.275 tỷ đồng, cao nhất kể từ quý 4/2022. Ngược lại, lãi ròng của PV Oil giảm 43% so với cùng kỳ, xuống mức 94 tỷ đồng. Theo giải trình, OIL cho biết thời gian điều hành giá cơ sở được điều chỉnh từ 10 ngày/lần (quý 2/2023) xuống còn 7 ngày/lần (quý 2/2024). Do vậy, dù giá xăng dầu thế giới biến động theo hướng giảm như cùng kỳ nhưng tốc độ giảm giá bán tại kỳ này diễn ra nhanh hơn, khiến lãi gộp hẹp đi đáng kể. Bên cạnh đó, tỷ giá USD/VNĐ tại quý 2/2024 tăng cao hơn so với cùng kỳ, khiến chi phí tài chính tăng lên vì lỗ tỷ giá. Do vậy, lợi nhuận của Doanh nghiệp đi lùi.  Lũy kế 6 tháng đầu năm, Petrolimex ghi nhận doanh thu thuần đạt 148.943 tỷ đồng và lợi nhuận sau thuế đạt 2.407,4 tỷ đồng, lần lượt tăng 12% và 54% so với cùng kỳ 2023. Lợi nhuận trước thuế đạt 2.994 tỷ đồng, tăng gấp 1,6 lần so với cùng kỳ năm trước. Với kết quả đạt được, Petrolimex đã thực hiện khoảng 79% kế hoạch doanh thu và hoàn thành vượt chỉ tiêu lợi nhuận cả năm đề ra. Trong khi đó, PV Oil thực hiện gần 78% kế hoạch doanh thu và 57% mục tiêu lợi nhuận sau nửa chặng đường của năm 2024. Luỹ kế 6 tháng đầu năm, doanh nghiệp này ghi nhận doanh thu đạt gần 64.400 tỷ đồng và lợi nhuận trước thuế 312 tỷ đồng, lần lượt tăng 50% và giảm 24% so với cùng kỳ 2023. Một điểm chung giữa 2 nhà bán lẻ xăng dầu này là việc cùng thu hẹp quy mô hàng tồn kho trong quý vừa qua. Tính đến 30/6, tồn kho của Petrolimex chỉ còn khoảng hơn 15.000 tỷ đồng, giảm hơn 1.600 tỷ so với cuối quý 1 nhưng vẫn cao hơn đôi chút so với hồi đầu năm. Với PV Oil, tồn kho chỉ giảm nhẹ sau quý 2, xuống còn gần 4.900 tỷ đồng, vẫn cao hơn đáng kể so với thời điểm đầu năm.  Hưởng lợi từ dự thảo Nghị định mới Theo báo cáo mới đây của Maybank Investment Bank, dự thảo Nghị định mới về kinh doanh xăng dầu được đánh giá sẽ hỗ trợ tích cực cho các doanh nghiệp lớn trong ngành. CTCK này cho rằng, Nghị định mới sẽ củng cố lợi thế của thương nhân đầu mối, mang lại lợi ích nhiều nhất cho các doanh nghiệp chiếm ưu thế trong nhóm này (Petrolimex, PV Oil) về tiềm năng gia tăng thị phần và biên lợi nhuận. Cụ thể, Nghị định vẫn duy trì quy định chỉ các thương nhân đầu mối được phép mua xăng dầu trực tiếp từ nhà máy lọc dầu trong nước hoặc nhập khẩu từ nước ngoài, trong khi giá bán từ các thương nhân đầu mối này cho các thương nhân phân phối/bán lẻ không được luật hóa và hoàn toàn dựa trên thỏa thuận giữa các bên tham gia. Nói cách khác, thương nhân đầu mối vẫn duy trì được quyền định đoạt việc phân chia biên lợi nhuận trong chuỗi giá trị. Các thương nhân phân phối sẽ phải mua xăng dầu trực tiếp từ thương nhân đầu mối và không còn được phép mua chéo từ các thương nhân phân phối khác. Bên cạnh đó, Nghị định yêu cầu các điều kiện chặt chẽ hơn đối với các thương nhân bán lẻ dẫn đến làm yếu đi vị thế của nhóm này trong chuỗi giá trị so với các thương nhân phân phối và thương nhân đầu mối. Ngoài ra, Nghị định mới cũng muốn tăng số ngày dự trữ xăng dầu từ 20 lên 30 ngày, điều này sẽ làm tăng chi phí kinh doanh, nhưng không ảnh hưởng đến tương quan lợi thế cạnh tranh của các thương nhân đầu mối trong toàn bộ chuỗi giá trị. ""Nếu không có những sửa đổi đáng kể so với dự thảo ban đầu, tinh thần của Nghị định mới sẽ cải thiện cách vận hành giá bán lẻ đồng thời giảm sự phân mảnh và có lợi hơn cho các doanh nghiệp đầu mối có quy mô lớn"", báo cáo của Maybank Investment Bank nhấn mạnh. Sau khi dự thảo được công bố, cổ phiếu của Petrolimex (PLX) vàPV Oil(OIL) đã nhanh chóng bứt tốc từ giữa tháng 4. Sau khoảng gần 4 tháng, thị giáPLXđã tăng gần 42% trong khi cổ phiếu OIL cũng tăng đến gần 45%. Cả 2 cổ phiếu này đều đang trên vùng giá cao nhất trong hơn 2 năm trở lại đây. "
2024-09-02,"Petrolimex giải trình gì về số lãi ""khủng"" trong nửa đầu năm 2024?","Tập đoàn Xăng dầu Việt Nam (Petrolimex) vừa có văn bản giải trình báo cáo tài chính sau soát xét 6 tháng năm 2024 lên Uỷ ban Chứng khoán Nhà nước và Sở giao dịch Chứng khoán TP HCM. Nửa đầu năm nay, lãi của ""ông lớn"" xăng dầu Petrolimex tăng vọt Theo Petrolimex, trong 6 tháng đầu năm 2024, lợi nhuận sau thuế của công ty mẹ đạt gần 1.530 tỉ đồng, trong khi cùng kỳ năm trước chỉ đạt 649,3 tỉ đồng, tăng 135%. Lợi nhuận hợp nhất sau thuế của Petrolimex trong 6 tháng đầu năm 2024 đạt gần 2.420 tỉ đồng, trong khi cùng kỳ năm trước chỉ đạt 1.558 tỉ đồng, tăng 55%. Giải thích nguyên nhân lãi lớn, Petrolimex cho biết hoạt động kinh doanh xăng dầu nửa đầu năm nay cơ bản ổn định, có hiệu quả và sản lượng bán tăng so với cùng kỳ năm 2023. Sở dĩ có kết quả ấn tượng là do nguồn cung năng lượng và giá dầu thế giới ổn định, không biến động mạnh như các năm; nguồn cung xăng dầu từ các nhà máy lọc dầu trong nước khá ổn định, các thương nhân thực hiện nhập xăng dầu theo đúng kế hoạch và đảm bảo hiệu quả. Thêm vào đó, lợi nhuận hoạt động tài chính tăng so với cùng kỳ năm trước chủ yếu do cổ tức lợi nhuận được chia sẻ các công ty con, công ty liên doanh liên kết cao hơn so với cùng kỳ. Đặc biệt, Petrolimex cũng cho biết các hoạt động kinh doanh thuộc các lĩnh vực khác của tập đoàn về cơ bản ổn định và tăng trưởng so với cùng kỳ. Tuy nhiên, lợi nhuận từ các công ty con kinh doanh hóa dầu, nhiên liệu bay - chiếm tỷ trọng lớn trong cơ cấu lợi nhuận ngoài xăng dầu của Tập đoàn, trong khi 6 tháng đầu năm giảm so với cùng kỳ. Ngoài ra, việc thoái vốn tại PG Bank trong quý III-2023 cũng làm cho phần lãi từ hoạt động liên doanh liên kết trong 6 tháng đầu năm 2024 giảm so với cùng kỳ. Thống kê cho thấy, Petrolimex h là doanh nghiệp đang chiếm khoảng 50% thị phần trên thị trường xăng dầu Việt Nam. Hiện, trên 2.700 cửa hàng xăng dầu thuộc Petrolimex và hơn 2.800 cửa hàng xăng dầu thuộc đại lý, tổng đại lý và thương nhân nhượng quyền trên phạm vi toàn quốc."
2024-04-09,"Nhà bán lẻ xăng dầu lớn nhất Việt Nam Petrolimex lên kế hoạch lợi nhuận 2024 giảm mạnh, cổ tức năm 2023 dự kiến 15%","Tập đoàn Xăng dầu Việt Nam (Petrolimex – mã PLX) vừa công bố tài liệu họp Đại hội đồng cổ đông (ĐHĐCĐ) thường niên 2024 dự kiến diễn ra ngày 26/4 tới đây tại Toà nhà VCCI, Hà Nội. Tại Đại hội, Petrolimex dự kiến sẽ trình cổ đông thông qua kế hoạch sản lượng xăng dầu xuất bán là 13.033.200 (m3, tấn), giảm 9% so với năm trước. Chỉ tiêu doanh thu hợp nhất tương ứng 188.000 tỷ đồng, giảm 32% so với thực hiện 2023. Lợi nhuận trước thuế hợp nhất kế hoạch đạt 2.900 tỷ đồng, giảm 26% so với kết quả đạt được năm ngoái.   Lý giải về việc đặt kế hoạch kinh doanh đi lùi trong năm 2024, Petrolimex nhận định, kinh tế thế giới năm 2024 dần hồi phục sau đại dịch Covid-19 nhưng dự báo còn nhiều bấp bênh, đối mặt với nhiều thách thức như tăng trưởng kinh tế toàn cầu đang bị kìm hãm bởi ảnh hưởng dai dẳng của đại dịch, cạnh tranh chiến lược giữa các nước lớn ngày càng gay gắt; xung đột vũ trang Nga - Ukraine chưa có hồi kết, tình hình căng thẳng ở Biển Đỏ, lạm phát ở mức cao. Bên cạnh đó, còn chính sách tiền tệ thắt chặt, tăng lãi suất kéo dài dẫn đến nguy cơ suy thoái toàn cầu, sụt giảm nhu cầu tiêu dùng ở nhiều quốc gia. Ngoài ra, rủi ro trên các thị trường tài chính, tiền tệ, bất động sản quốc tế gia tăng; những thách thức về biến đổi khí hậu, thiên tai, dịch bệnh, an ninh năng lượng, lương thực, đói nghèo ngày càng lớn và tác động, ảnh hưởng ngày càng nặng nề đến người dân. Petrolimexhiện là nhà bán lẻ xăng dầu lớn nhất Việt Nam với 17.000 cửa hàng trên toàn quốc, chiếm hơn 50% thị phần kinh doanh, bán lẻ xăng dầu cả nước. Năm 2023 trước đó, sản lượng xăng dầu xuất bán của Petrolimex đạt 14.395.011 (m3, tấn), cao hơn 11% so với kế hoạch. Petrolimex ghi nhận doanh thu đạt 273.979 tỷ đồng, giảm 10% so với năm 2022 nhưng vẫn vượt 44% so với kế hoạch. Lợi nhuận trước thuế năm 2023 đạt 3.947 tỷ đồng, tăng 80% so với thực hiện năm 2022 và vượt 22% so với kế hoạch. Với kết quả đạt được, HĐQT Petrolimex sẽ trình cổ đông phê duyệt phương án trả cổ tức tỷ lệ 15% từ nguồn lợi nhuận năm 2023 thay vì 10% như kế hoạch ban đầu. Về Chiến lược phát triển giai đoạn 2021 – 2030, Petrolimex hướng đến trở thành tập đoàn năng lượng đứng đầu Việt Nam về những sản phẩm năng lượng xanh, sạch, chất lượng cao, thân thiện với môi trường dựa trên nền tảng công nghệ 4.0 và chuyển đổi số toàn diện. Năm 2030, tập đoàn phấn đấu đạt được 50% doanh thu từ sản phẩm nhiên liệu và năng lượng sạch, thân thiện với môi trường; đến năm 2045 sẽ đạt 100% tỷ trọng năng lượng sạch và thân thiện với môi trường."
2024-07-05,Chính sách mới đứng sau cú 'phi' của Petrolimex và PV OIL tạo nên cột mốc chưa từng có trong hơn 2 năm,"Ngày 04/07/2024, Bộ Công Thương và Bộ Tài chính điều chỉnh giá bán lẻ xăng dầu theo chu kỳ điều chỉnh 7 ngày. Đây là lần tăng giá thứ 4 liên tiếp kể từ giữa tháng 6, phản ánh đà tăng của giá dầu Brent. Báo cáo của VietCap lưu ý, kỳ điều chỉnh giá lần này áp dụng chi phí kinh doanh định mức trên mỗi lít xăng dầu mới theo Công văn số 6808/BTC-QLG ngày 01/07/2024, thay thế Công văn số 6800/BTC-QLG ngày 30/06/2023 trước đó. Theo đó: - Chi phí kinh doanh định mức của xăng 95 tăng 60 đồng/lít lên 1.140 đồng/lít (+5,6% YoY; tăng gấp 2 lần mức tăng 30 đồng/lít năm trước). - Chi phí kinh doanh định mức của diesel tăng 140 đồng/lít lên 1.170 đồng/lít (+13,6% YoY; gấp 4,7 lần mức tăng 30 đồng/lít năm trước). - Chi phí kinh doanh định mức của dầu hỏa tăng 230 đồng/lít lên 1.180 đồng/lít (+24,2% YoY; năm trước không thay đổi). - Chi phí kinh doanh định mức của mazut tăng 70 đồng/lít lên 430 đồng/lít (+19,4% YoY; năm trướcgiảm 184 đồng/lít).﻿  VietCap đánh giá, mức tăng này sẽ có tác động tích cực đáng kể đến các thương nhân đầu mối/phân phối xăng dầu như Tổng công ty dầu Việt Nam (PV OIL, mã chứng khoán OIL) và Tập đoàn Xăng dầu Việt Nam (Petrolimex, mã chứng khoán PLX), cho phép công ty đạt lợi nhuận gộp cao hơn trên mỗi lít bằng cách trang trải tốt hơn chi phí vận hành thực tế.  Trong khi đó, báo cáo phân tích của CTCK VNDIRECT đề cập đến lợi ích của 2 ""ông lớn"" phân phối xăng dầu nói trên từ việc ﻿Bộ Công Thương đã trình Dự thảo Nghị định kinh doanh xăng dầu mới lần thứ hai với những thay đổi quan trọng cơ chế xác định giá bán lẻ và chi phí kinh doanh/lợi nhuận định mức mới. Theo đánh giá của CTCK VNDIRECT, Nghị định này sẽ cho phép các đầu mối kinh doanh xăng dầu: 1) tự quyết định giá bán lẻ dựa trên điều kiện của thị trường; và 2) kịp thời điều chỉnh chi phí kinh doanh cố định và lợi nhuận định mức (yếu tố ảnh hưởng chính đến LN gộp của PLX) trong giai đoạn giá dầu thế giới biến động mạnh. Cụ thể, Bộ Công Thương và Bộ Tài chính sẽ không trực tiếp tính toán ban hành giá cơ sở để xác định giá bán lẻ vì quá trình này có hai vấn đề. Thứ nhất, cơ quan quản lý nhà nước và doanh nghiệp phải thực hiện nhiều bước và mất nhiều thời gian. Thứ hai, các thành phần trong giá cơ sở được tính theo các dữ liệu được hình thành trong quá khứ với thời gian tương đối dài theo quý, khiến giá cơ sở không phản ánh đầy đủ tình hình thực tế của thị trường. Thay vào đó, nhà nước sẽ chỉ công bố giá thế giới bình quân trên cơ sở 7 ngày/lần (hoặc 15 ngày). Các thương nhân đầu mối xăng dầu sẽ căn cứ các yếu tố cố định như thuế các loại, được quyền cộng thêm các khoản chi phí kinh doanh, lợi nhuận định mức được quy định trong nghị định để công bố giá bán lẻ trên thị trường. Ngoài ra, giá bán lẻ không được phép vượt quá giá tối đa được xác định theo công thức của nghị định mới (chỉ được phép vượt khôngquá 2% giá tối đa đối với địa bàn xa cảng xa kho đầu mối, xa cơ sở sản xuất xăng dầu khiến chi phí tăng cao).﻿  ""Do đó, chúng tôi kỳ vọng nghị định có thể có hiệu lực vào cuối năm 2024 và sẽ hỗ trợ biên LN gộp của PLX tăng 0,5% điểm lên 6,1%"" - Báo cáo đánh giá. Bên cạnh đó, một con số ước tính từ VNDIRECT cho biết, sản lượng xăng dầu của Petrolimex trong Q1/24 tăng hơn 10% so với cùng kỳ và cao hơn 18% so với sản lượng bán trung bình theo quý trong 5 năm qua. Sản lượng tiêu thụ tăng đáng kể cho thấy có thể Petrolimex đã giành được thị phần từ các nhà phân phối nhỏ hơn khác, đặc biệt là từ một số thương nhân kinh doanh xăng dầu và nhà phân phối đã bị thu hồi giấy phép hoạt động trong thời gian gần đây như Xuyên Việt Oil và Hải Hà Petro.﻿ Tại ĐHCĐ thường niên 2024, Petrolimex cũng đã chia sẻ rằng tình hình này đã có tác động tích cực tới thị phần của doanh nghiệp. Nhờ vị thế thống lĩnh thị trường, Petrolimex có thể thu hút thêm các đại lý/tổng đại lý (DODO) khi họ tìm kiếm các thương nhân đầu mối đáng tin cậy.﻿ Trong phiên giao dịch ngày 4/7, cổ phiếu PLX và OIL cùng tăng mạnh. Thị giá PLX tăng 4,9% lên mức 43.900 đồng/cp trong khi OIL tăng đến 13,6% lên 14.200 đồng/cp. Đây đều là mức giá cao nhất của 2 cổ phiếu này trong hơn 2 năm trở lại đây. Tính từ đầu năm 2024 đến nay,cổ phiếu PLXđã tăng 32% qua đó đẩy vốn hóa thị trường của Petrolimex lên gần 56.000 tỷ đồng (hơn 2 tỷ USD). Tương tự, cổ phiếu OIL cũng tăng 42% sau nửa năm, đẩy vốn hóa lên 14.600 tỷ đồng (hơn 500 triệu USD). Dù vậy, những con số này vẫn còn kém xa mức kỷ lục mà hai doanh nghiệp từng đạt được.﻿"
2024-05-02,"Petrolimex (PLX) báo lãi hơn 1.000 tỷ, tăng 70% so với cùng kỳ, cầm hơn 25.000 tỷ tiền nhàn rỗi","Tập đoàn Xăng dầu Việt Nam (Petrolimex, mã: PLX)vừa công bố BCTC hợp nhất quý 1/2024 ghi nhận doanh thu thuần tăng 11% so với cùng kỳ đạt 75.106 tỷ đồng. ﻿Lợi nhuận gộp đạt 4.669 tỷ đồng, tăng 31% so với cùng kỳ. Trừ đi các chi phí, Petrolimex ghi nhận lợi nhuận trước thuế đạt 1.441 tỷ đồng, tăng gần 72% so với cùng kỳ. Lợi nhuận sau thuế đạt 1.133 tỷ, tăng 70% so với cùng kỳ. Petrolimex cho biết nguyên nhân chủ yếu khiến lợi nhuận sau thuế quý 1/2024 tăng so với cùng kỳ năm 2023 là do hiệu quả từ hoạt động kinh doanh xăng dầu, hoạt động kinh doanh thuộc các lĩnh vực khác của Tập đoàn về cơ bản ổn định và tăng trưởng so với cùng kỳ. TheoPetrolimex, nguồn cung năng lượng và giá dầu thế giới ổn định, không biến động mạnh như các năm; nguồn cung xăng dầu từ các nhà máy lọc dầu trong nước khá ổn định, các thương nhân thực hiện nhập mua xăng dầu theo đúng kế hoạch và đảm bảo hiệu quả. Lợi nhuận hoạt động tài chính cũng tăng so với cùng kỳ năm trước do: nhận cổ tức được chia mà cùng kỳ không có; hiệu quả khi sử dụng các hợp đồng bảo hiểm tỷ giá đã hạn chế rủi ro lỗ chênh lệch tỷ giá; và kinh doanh đạt hiệu quả tốt đã làm gia tăng dòng tiền thuần và tăng lãi tiền gửi khi sử dụng dòng tiền thuần so với cùng kỳ. Tại thời điểm 31/3/2024, tổng tài sản của Petrolimex đạt 80.732 tỷ đồng, tăng 1% so với đầu năm. Lượng tiền mặt, tương đương tiền và tiền gửi ngân hàng khoảng 25.086 tỷ đồng, giảm 3.530 tỷ đồng so với hồi đầu năm. Phía bên kia bảng cân đối, tổng nợ phải trả ở mức 50.419 tỷ đồng, giảm 54 tỷ đồng so với đầu năm, tổng nợ vay ở mức 16.624 tỷ đồng. Vốn chủ sở hữu đạt 30.313 tỷ đồng.  Báo cáo của SSI Research kỳ vọng năm 2024, Petrolimex sẽ có cơ hội giành thêm thị phần, nhờ việc kiểm soát chặt chẽ hơn hoạt động của các nhà phân phối xăng dầu. Thứ nhất, Hải Hà Petro và Xuyên Việt Oil là những nhà phân phối xăng dầu lớn với tổng doanh thu khoảng 40.000 tỷ đồng trong năm 2022 đã bị thu hồi giấy phép và dừng việc thông quan xăng dầu do không đủ điều kiện làm thương nhân đầu mối xăng dầu và có các vi phạm liên quan đến nợ thuế, hay sử dụng sai quỹ bình ổn giá xăng dầu. Thứ hai, Petrolimex cũng có thể được hưởng lợi từ việc Chính phủ yêu cầu các đại lý bán lẻ phát hành hóa đơn điện tử cho từng giao dịch nhằm tăng cường tính minh bạch trong ngành xăng dầu Việt Nam. Hiện tại theo ước tính mới chỉ có khoảng 36% trong số 17.000 đơn vị bán lẻ trong nước phát hành hóa đơn điện tử vào đầu tháng 2. Các cửa hàng xăng dầu không phát hành hóa đơn điện tử có thể đối mặt với nguy cơ bị thu hồi giấy phép hoạt động. Trong khi đó, Petrolimex là đơn vị tiên phong phát hành hóa đơn điện tử và đã triển khai hệ thống này tại 2.700 điểm bán lẻ của doanh nghiệp từ giữa năm 2023. Do đó, quy định mới có thể giúp Petrolimex giành được thị phần trong thời gian tới. "
2024-05-29,"Một thành viên thuộc Petrolimex sắp chia cổ tức tiền mặt cao kỷ lục, cổ phiếu tăng vọt lên đỉnh"," Ngày 10/6 tới đây, CTCP Cơ khí Xăng dầu (mã PMS) sẽ chốt danh sách cổ đông nhận cổ tức năm 2023 bằng tiền mặt với tỷ lệ 33,5% (01 cổ phiếu nhận 3.350 đồng). Thời gian thanh toán dự kiến vào ngày 21/6/2024. Đây là mức cổ tức cao nhất của doanh nghiệp này kể từ khi lên sàn năm 2003. Với hơn 7,2 triệu cổ phiếu đang lưu hành, ước tính PMS sẽ chi hơn 24 tỷ đồng cho đợt cổ tức lần này. Trong đó, Tổng Công ty Xây lắp và Thương mại Petrolimex (trực thuộc Tập đoàn Xăng dầu Việt Nam -Petrolimex) là cổ đông lớn nhất sở hữu 46% cổ phần sẽ thu về hơn 11 tỷ đồng cổ tức. Những năm gần đây, tình hình kinh doanh của PMS khá ổn định với lợi nhuận sau thuế mỗi năm trên 20 tỷ đồng. Năm 2023 vừa qua, doanh nghiệp này lãi ròng gần 30 tỷ đồng, tăng 23% so với năm 2022 bất chấp doanh thu thuần giảm 9%. Với kết quả đạt được, PMS đã hoàn thành vượt kế hoạch đề ra. Năm 2024, ban lãnh đạo PMS đánh giá không còn lợi thế tích trữ nguyên vật liệu thép với giá thấp, nhu cầu thị trường phục hồi nhưng nguồn cung còn thiếu, chi phí nguyên vật liệu đầu vào tăng cao trong khi tăng giá đầu ra với khách hàng khó khăn và không tương ứng. Do đó, PMS lên kế hoạch kinh doanh thận trọng với mục tiêu doanh thu gần 1.377 tỷ đồng và lợi nhuận trước thuế gần 25 tỷ đồng, lần lượt giảm 3% và 32% so với thực hiện 2023. Tỷ lệ chia cổ tức tối thiểu 12%/ vốn điều lệ. Quý đầu năm, PMS ghi nhận hơn 368 tỷ đồng doanh thu thuần thuần và hơn 7 tỷ đồng lãi ròng, lần lượt tăng 22% và 32% so với cùng kỳ năm trước. Với kết quả này, doanh nghiệp đã thực hiện được 27% kế hoạch doanh thu và 35% mục tiêu lợi nhuận. Trên thị trường, cổ phiếu PMS hiện đang giao dịch ở đỉnh lịch sử quanh mức 35.500 đồng/cp, tăng gần 26% so với đầu năm.  "
2024-01-16,Lợi nhuận Petrolimex tăng gấp rưỡi năm 2022 dù doanh thu giảm 12%,"Tập đoàn Xăng dầu Việt Nam (Petrolimex) vừa tổ chức Hội nghị tổng kết công tác năm 2023, triển khai nhiệm vụ năm 2024. Báo cáo tại Hội nghị, ông Đào Nam Hải – Tổng giám đốc Petrolimex cho biết: Năm 2023, trong bối cảnh kinh tế Việt Nam cũng chịu tác động từ sự ảm đạm của kinh tế thế giới, giá xăng dầu thế giới biến động tăng nhanh, giảm nhanh với diễn biến khó đoán định, đặc biệt trong những tháng cuối năm giá xăng dầu thế giới liên tục biến động theo xu hướng giảm. Trong nước, các doanh nghiệp kinh doanh xăng dầu gặp nhiều khó khăn khi không tiếp cận được nguồn vốn tín dụng, nhiều doanh nghiệp xin giải thể, đóng cửa. Các cơ quản lý nhà nước tăng cường công tác kiểm tra, giám sát hoạt động kinh doanh xăng dầu, một số doanh nghiệp đầu mối bị thu hồi giấy phép và xử lý các vi phạm, giúp cho thị trường xăng dầu lành mạnh hơn. Tuy nhiên, cùng với đó sự cạnh tranh ngày càng quyết liệt, đặc biệt là kênh bán hàng qua trung gian, trong khi tình trạng vi phạm thương hiệu, hàng không rõ nguồn gốc, kém chất lượng dẫn đến hoạt động cạnh tranh không lành mạnh tạo ra thách thức, cơ hội đan xen cho Petrolimex.  Về kết quả thực hiện nhiệm vụ năm 2023, tổng doanh thu hợp nhất ước đạt 268.000 tỷ đồng, hoàn thành 144% kế hoạch năm. Lợi nhuận hợp nhất ước đạt 3.580 tỷ đồng, hoàn thành 111% kế hoạch năm và bằng 158% so với năm 2022. Trong đó, lợi nhuận kinh doanh xăng dầu ước đạt 1.430 tỷ đồng đạt 132% kế hoạch năm. Lợi nhuận khác ước đạt 2.150 tỷ đồng đạt 100% kế hoạch, chiếm 60% tổng lợi nhuận hợp nhất, tiếp tục khẳng định là một trong hai trụ cột vững chắc của Tập đoàn. Nộp ngân sách nhà nước ước thực hiện 34.300 tỷ đồng, đạt 139 % kế hoạch năm. Về kết quả sản xuất – kinh doanh xăng dầu, tổng sản lượng xuất bán hợp nhất toàn Tập đoàn năm 2023 ước đạt 14.395.000 m3, tấn vượt 11,2% so với kế hoạch năm và tăng 3,8% so với năm 2022. Trong đó, chỉ số bán nội địa là 10.318.803 m3/tấn, vượt 10,4% so với kế hoạch năm; chỉ số bán tái xuất đạt là 301.347 m3/tấn. Phương thức bán lẻ đạt 7.018.214 m3/tấn, vượt 17,5% kế hoạch năm 2023 và tăng 7% so với năm 2022, chiếm tỷ trọng 68% tổng sản lượng bán nội địa. Sản lượng bán quốc tế đạt 3.774.861 m3/tấn, vượt 25,4% kế hoạch năm và tăng 34,8% so với năm 2022.    "
